Date,Cases - Total,Deaths - Total,Hospitalizations - Total,Cases - Age 0-17,Cases - Age 18-29,Cases - Age 30-39,Cases - Age 40-49,Cases - Age 50-59,Cases - Age 60-69,Cases - Age 70-79,Cases -  Age 80+,Cases - Age Unknown,Cases - Female,Cases - Male,Cases - Unknown Gender,Cases - Latinx,Cases - Asian Non-Latinx,Cases - Black Non-Latinx,Cases - White Non-Latinx,Cases - Other Race Non-Latinx,Cases - Unknown Race/Ethnicity,Deaths - Age 0-17,Deaths - Age 18-29,Deaths - Age 30-39,Deaths - Age 40-49,Deaths - Age 50-59,Deaths - Age 60-69,Deaths - Age 70-79,Deaths - Age 80+,Deaths - Age Unknown,Deaths - Female,Deaths - Male,Deaths - Unknown Gender,Deaths - Latinx,Deaths - Asian Non-Latinx,Deaths - Black Non-Latinx,Deaths - White Non-Latinx,Deaths - Other Race Non-Latinx,Deaths - Unknown Race/Ethnicity,Hospitalizations - Age 0-17,Hospitalizations - Age 18-29,Hospitalizations - Age 30-39,Hospitalizations - Age 40-49,Hospitalizations - Age 50-59,Hospitalizations - Age 60-69,Hospitalizations - Age 70-79,Hospitalizations - Age 80+,Hospitalizations - Age Unknown,Hospitalizations - Female,Hospitalizations - Male,Hospitalizations - Unknown Gender,Hospitalizations - Latinx,Hospitalizations - Asian Non-Latinx,Hospitalizations - Black Non-Latinx,Hospitalizations - White Non-Latinx,Hospitalizations - Other Race Non-Latinx,Hospitalizations - Unknown Race/Ethnicity
08/10/2020,376,1,30,41,108,68,63,49,24,18,5,0,186,189,1,185,9,57,70,14,41,0,0,0,0,0,0,1,0,0,0,1,0,1,0,0,0,0,0,2,5,1,3,5,5,6,3,0,15,15,0,4,2,8,12,1,3
03/09/2020,5,0,3,3,0,0,0,0,0,1,1,0,3,2,0,2,1,1,1,0,0,0,0,0,0,0,0,0,0,0,0,0,0,0,0,0,0,0,0,0,0,1,1,0,0,1,0,0,1,2,0,1,0,0,1,1,0
04/09/2020,576,25,158,9,83,102,104,129,74,40,35,0,257,311,8,175,24,209,84,29,55,0,0,0,0,3,7,5,10,0,13,12,0,5,1,14,5,0,0,2,5,12,17,35,32,31,24,0,68,84,6,29,6,87,28,6,2
04/19/2020,459,34,159,7,66,61,66,75,74,50,60,0,208,249,2,142,21,176,56,20,44,0,0,0,3,7,7,5,12,0,10,24,0,13,2,13,4,2,0,2,13,8,16,36,29,29,26,0,70,88,1,56,7,61,23,9,3
08/03/2020,428,3,31,53,128,87,68,47,24,14,7,0,216,210,2,216,10,70,72,17,43,0,0,0,0,0,1,1,1,0,2,1,0,1,0,1,1,0,0,1,1,2,4,10,3,7,3,0,9,21,1,9,2,13,5,2,0
06/19/2020,218,15,38,28,69,38,28,24,16,9,6,0,112,103,3,90,2,50,27,9,40,0,0,0,1,3,3,2,6,0,7,8,0,3,1,5,6,0,0,3,4,2,6,7,8,4,4,0,19,19,0,12,0,19,5,1,1
03/02/2021,331,7,27,46,105,64,43,31,25,11,6,0,183,144,4,78,18,51,88,16,80,0,0,0,0,1,0,2,4,0,4,3,0,4,1,2,0,0,0,0,2,1,5,5,3,8,3,0,14,13,0,14,1,7,4,0,1
08/25/2020,412,4,32,52,120,75,69,50,27,9,9,1,223,185,4,181,7,60,88,18,58,0,0,0,0,0,0,0,4,0,1,3,0,0,1,2,1,0,0,0,4,4,3,9,6,4,2,0,15,17,0,8,0,12,8,3,1
02/17/2021,387,8,32,37,118,69,72,47,24,10,10,0,195,190,2,105,8,75,100,17,82,0,0,0,0,1,2,2,3,0,2,6,0,1,0,2,4,0,1,1,2,1,5,6,8,6,3,0,14,18,0,6,0,17,8,1,0
01/19/2021,1093,20,67,143,267,206,169,124,92,60,32,0,556,536,1,399,38,179,226,61,190,0,0,0,0,3,5,5,7,0,6,14,0,5,2,8,5,0,0,3,3,5,7,13,9,14,13,0,31,36,0,20,3,30,10,2,2
11/02/2020,2317,15,118,271,552,507,371,312,186,71,47,0,1186,1121,10,769,49,311,444,102,642,0,0,0,0,0,2,5,8,0,6,9,0,1,1,5,8,0,0,2,7,13,17,26,21,15,17,0,58,60,0,32,3,44,25,4,10
01/27/2021,658,13,47,75,147,130,102,93,61,34,16,0,337,319,2,178,25,124,134,34,163,0,0,0,0,0,3,3,7,0,4,9,0,2,1,7,3,0,0,0,4,4,4,6,7,16,6,0,27,20,0,11,1,15,14,2,4
11/15/2020,831,13,131,85,190,161,137,110,84,35,28,1,441,390,0,218,23,125,224,57,184,0,0,0,0,0,5,4,4,0,7,6,0,7,1,4,1,0,0,4,10,11,18,13,25,27,23,0,71,60,0,45,2,56,19,5,4
11/09/2020,3219,14,157,386,829,617,529,426,250,117,65,0,1620,1579,20,1177,68,420,659,142,753,0,0,0,0,1,3,7,3,0,5,9,0,6,0,0,8,0,0,1,5,16,17,28,34,35,21,0,79,78,0,45,6,59,34,3,10
06/13/2020,121,18,25,13,26,19,14,22,14,7,6,0,66,55,0,47,0,22,14,9,29,0,0,0,0,3,5,5,5,0,11,7,0,3,1,6,8,0,0,1,3,1,7,2,5,1,5,0,15,10,0,10,0,9,5,1,0
08/01/2020,140,5,22,7,45,27,17,24,11,6,3,0,69,71,0,48,0,31,31,6,24,0,0,0,0,1,0,2,2,0,3,2,0,2,0,2,1,0,0,0,4,2,6,4,0,4,2,0,11,11,0,9,0,10,2,0,1
05/12/2020,944,46,128,64,178,177,182,163,92,50,38,0,494,446,4,443,10,171,101,23,196,0,0,4,2,4,10,7,19,0,12,34,0,21,2,19,4,0,0,1,11,15,11,28,26,17,19,0,64,63,1,51,3,49,18,2,5
08/06/2020,349,4,23,39,112,73,52,31,22,11,9,0,179,169,1,139,6,82,78,13,31,0,0,0,0,0,2,1,1,0,3,1,0,1,1,1,1,0,0,2,6,1,1,6,2,1,4,0,13,10,0,6,0,9,6,1,1
12/22/2020,1344,17,91,177,305,251,196,164,151,64,36,0,700,642,2,466,50,185,261,66,316,0,0,0,1,2,2,8,4,0,7,10,0,2,3,8,4,0,0,0,5,7,11,11,20,21,16,0,47,44,0,23,1,38,16,6,7
09/16/2020,366,4,33,47,120,78,49,34,25,10,3,0,203,163,0,169,6,54,89,4,44,0,0,0,0,0,2,1,1,0,3,1,0,1,0,1,2,0,0,1,4,2,3,0,13,6,4,0,23,10,0,11,0,9,9,1,3
02/08/2021,392,13,57,47,73,67,64,53,44,19,25,0,212,177,3,96,18,89,89,20,80,0,0,2,2,2,2,3,2,0,6,7,0,5,1,2,5,0,0,1,9,7,3,6,3,16,12,0,34,23,0,13,1,21,15,4,3
02/23/2021,315,11,17,31,91,63,36,49,25,13,7,0,157,156,2,76,13,67,73,14,72,0,0,0,1,2,2,3,3,0,4,7,0,3,0,4,4,0,0,0,3,1,3,4,2,2,2,0,12,5,0,2,1,7,5,1,1
09/05/2020,203,4,23,23,61,40,34,21,17,6,1,0,94,109,0,84,3,26,48,5,37,0,0,1,0,1,0,1,1,0,1,3,0,2,0,2,0,0,0,0,1,3,4,5,5,2,3,0,15,8,0,7,0,6,8,1,1
08/23/2020,129,1,26,10,42,17,23,15,12,8,2,0,71,58,0,39,1,26,42,5,16,0,1,0,0,0,0,0,0,0,1,0,0,0,0,1,0,0,0,0,5,2,5,4,3,4,3,0,9,17,0,10,0,6,7,2,1
01/15/2021,1035,11,61,129,265,199,177,116,80,47,22,0,529,491,15,285,39,194,254,72,191,0,0,0,1,2,2,2,4,0,5,6,0,2,1,5,3,0,0,1,4,5,8,10,15,11,7,0,36,25,0,18,1,23,15,2,2
03/23/2020,290,3,107,4,46,55,53,56,30,35,11,0,141,149,0,37,13,135,74,11,20,1,1,0,0,0,0,1,0,0,0,3,0,0,0,3,0,0,0,1,5,16,13,18,18,26,10,0,51,55,1,17,5,67,12,5,1
08/11/2020,386,4,27,48,103,74,66,48,37,7,3,0,185,199,2,163,5,78,79,16,45,0,0,0,0,1,0,1,2,0,1,3,0,1,1,2,0,0,0,1,0,3,1,4,10,4,4,0,17,9,1,4,0,10,11,1,1
01/18/2021,714,14,76,85,144,163,107,80,80,32,23,0,389,318,7,188,29,125,150,36,186,0,0,0,1,2,6,2,3,0,3,11,0,5,0,6,3,0,0,2,7,7,5,8,23,11,13,0,35,41,0,18,2,32,15,5,4
12/30/2020,1452,23,79,192,374,277,198,199,137,52,22,1,761,676,15,479,33,227,275,69,369,0,0,0,4,6,4,5,4,0,5,18,0,13,1,5,3,1,0,3,2,7,8,13,17,18,11,0,38,41,0,26,2,25,16,5,5
05/07/2020,939,49,144,58,180,194,171,147,116,40,33,0,481,448,10,439,11,126,90,45,228,0,0,2,2,8,14,10,13,0,20,29,0,16,3,19,9,1,1,3,4,18,20,20,36,25,18,0,58,86,0,66,3,41,22,8,4
10/03/2020,224,4,38,26,57,46,33,27,20,9,6,0,121,103,0,71,6,32,58,8,49,0,0,0,0,1,1,0,2,0,2,2,0,3,0,1,0,0,0,0,2,7,2,5,12,4,6,0,20,18,0,15,0,14,7,0,2
07/03/2020,176,5,29,14,53,36,26,18,16,9,4,0,107,68,1,42,2,44,31,10,47,0,0,0,0,0,2,1,2,0,3,2,0,1,0,4,0,0,0,4,2,2,6,3,4,5,3,0,12,17,0,4,0,15,5,2,3
08/14/2020,346,3,26,54,86,63,59,40,26,10,8,0,179,162,5,135,5,67,78,15,46,0,0,0,0,0,1,1,1,0,1,2,0,1,0,2,0,0,0,1,1,2,3,4,6,5,4,0,15,11,0,6,0,16,4,0,0
12/19/2020,859,23,80,96,173,162,162,120,75,41,29,1,454,398,7,273,43,107,176,57,203,0,0,0,0,0,5,7,11,0,10,13,0,8,1,6,8,0,0,2,8,4,5,16,16,14,15,0,42,38,0,26,3,31,13,3,4
06/14/2020,92,12,27,6,22,18,20,14,6,2,4,0,44,48,0,29,1,24,5,5,28,0,0,0,1,1,3,2,5,0,6,6,0,5,0,3,4,0,0,2,4,1,6,3,5,3,3,0,11,16,0,12,1,9,1,2,2
07/27/2020,361,1,21,51,102,66,50,39,30,14,9,0,192,165,4,173,12,79,51,9,37,0,0,0,0,0,0,1,0,0,1,0,0,1,0,0,0,0,0,0,3,3,1,4,1,2,7,0,8,13,0,6,3,8,3,0,1
10/10/2020,443,5,44,40,115,109,67,59,34,9,10,0,230,212,1,146,10,50,116,20,101,0,0,0,0,1,2,1,1,0,3,2,0,0,1,2,2,0,0,0,3,3,4,8,5,11,10,0,18,26,0,11,0,14,13,2,4
03/24/2021,220,4,,14,68,57,29,24,20,4,4,0,112,107,1,40,5,46,77,13,39,0,1,0,0,0,0,2,1,0,3,1,0,1,0,2,1,0,0,,,,,,,,,,,,,,,,,,
05/13/2020,876,45,126,56,189,165,163,135,96,40,32,0,449,421,6,424,15,125,70,27,215,0,0,2,3,4,13,10,13,0,17,28,0,18,5,14,6,1,1,2,6,8,17,24,34,22,13,0,64,62,0,46,2,54,11,4,9
03/16/2021,440,3,23,84,122,97,51,41,24,19,2,0,247,193,0,94,9,95,115,41,86,0,0,0,0,0,1,1,1,0,2,1,0,0,1,2,0,0,0,0,3,2,2,7,3,4,2,0,11,12,0,3,0,16,3,1,0
08/28/2020,382,4,26,66,109,61,50,47,29,15,5,0,184,198,0,164,7,67,79,15,50,0,0,1,0,1,0,2,0,0,4,0,0,2,0,2,0,0,0,1,3,1,8,2,3,4,4,0,14,12,0,9,0,12,3,2,0
10/29/2020,1882,4,91,216,545,403,298,193,130,60,37,0,977,902,3,710,54,189,419,95,415,0,0,0,0,0,1,1,2,0,2,2,0,1,0,0,3,0,0,2,5,11,12,11,17,14,19,0,49,41,1,25,1,30,26,6,3
11/20/2020,2299,31,130,329,532,430,371,266,190,108,73,0,1199,1097,3,737,46,330,428,99,659,0,0,0,5,2,7,3,14,0,16,15,0,13,1,10,7,0,0,5,7,6,22,20,30,18,22,0,69,59,2,28,6,59,24,6,7
07/25/2020,157,8,22,29,35,33,25,16,7,9,3,0,79,78,0,59,7,33,31,8,19,0,0,0,1,1,3,1,2,0,4,4,0,2,0,3,3,0,0,0,0,3,5,2,6,3,3,0,12,10,0,3,0,11,5,1,2
12/25/2020,163,20,74,8,33,24,20,17,22,17,22,0,78,84,1,38,9,46,30,16,24,0,0,1,0,2,6,4,7,0,6,14,0,8,0,4,8,0,0,0,6,7,8,9,13,12,19,0,40,34,0,28,2,26,15,3,0
04/30/2020,1270,40,168,57,230,222,227,187,150,95,102,0,620,626,24,541,23,211,147,48,300,0,0,3,0,4,8,11,14,0,17,23,0,13,1,18,8,0,0,1,11,15,13,34,39,26,29,0,75,92,1,59,8,55,31,11,4
02/26/2021,359,6,18,66,97,57,60,29,32,12,6,0,177,178,4,97,8,76,88,14,76,0,0,0,0,1,1,0,4,0,0,6,0,3,0,1,2,0,0,2,1,1,2,2,4,1,5,0,10,8,0,4,0,10,3,1,0
03/29/2020,282,20,130,4,29,48,54,50,50,30,17,0,128,154,0,55,11,145,38,10,23,0,1,0,1,4,4,6,4,0,3,17,0,2,2,14,2,0,0,0,5,12,25,23,27,24,14,0,57,73,0,21,3,92,11,2,1
11/29/2020,891,17,102,105,215,188,130,114,77,40,22,0,447,440,4,199,25,144,175,45,303,0,0,0,0,2,5,7,3,0,2,15,0,6,1,8,2,0,0,1,3,13,10,20,26,15,14,0,43,59,0,30,4,34,17,5,12
12/08/2020,2056,34,88,273,459,393,318,301,166,96,50,0,1062,985,9,743,54,270,324,114,551,0,1,2,3,5,6,5,12,0,12,22,0,12,4,11,6,1,0,2,7,9,15,16,17,12,10,0,54,34,0,23,5,31,15,6,8
05/19/2020,891,27,99,78,211,171,148,131,85,39,28,0,450,435,6,428,14,142,73,39,195,0,1,1,3,6,5,6,5,0,8,19,0,10,2,11,3,0,1,5,5,13,15,21,17,12,11,0,50,49,0,42,2,35,12,3,5
05/25/2020,252,23,79,7,34,35,41,43,49,26,17,0,123,125,4,76,6,68,44,3,55,0,0,1,0,4,4,7,7,0,11,12,0,5,0,10,7,1,0,2,10,4,7,12,18,11,15,0,37,42,0,24,2,35,9,1,8
09/10/2020,329,2,19,23,121,69,44,36,27,5,4,0,189,138,2,131,7,43,103,5,40,0,0,0,0,0,1,0,1,0,1,1,0,1,0,0,1,0,0,0,4,1,3,3,6,2,0,0,14,5,0,7,0,6,4,1,1
07/01/2020,264,13,25,16,97,51,32,27,25,6,10,0,154,109,1,92,2,66,57,3,44,0,0,0,3,2,2,2,4,0,5,8,0,6,0,4,3,0,0,1,1,0,6,5,4,3,5,0,12,13,0,8,0,11,4,0,2
07/15/2020,267,7,24,30,83,51,33,34,18,12,6,0,149,118,0,97,4,83,40,11,32,0,0,0,0,2,2,1,2,0,3,4,0,1,0,6,0,0,0,0,5,2,2,3,4,4,4,0,14,10,0,9,0,9,5,1,0
05/04/2020,1119,48,126,57,218,222,243,177,109,53,40,0,555,546,18,523,24,176,98,43,255,0,1,0,0,4,10,15,18,0,23,25,0,17,2,20,9,0,0,1,10,8,13,15,27,31,21,0,53,72,1,40,7,48,17,9,5
09/25/2020,380,3,39,44,102,78,66,46,26,12,6,0,202,176,2,169,11,51,57,11,81,0,0,0,1,1,0,0,1,0,1,2,0,1,0,2,0,0,0,2,7,7,10,2,7,3,1,0,21,18,0,15,0,12,7,2,3
11/07/2020,1574,13,121,181,398,338,265,187,112,54,39,0,828,746,0,575,34,187,328,70,380,0,0,1,1,1,1,3,6,0,9,4,0,2,0,4,7,0,0,2,7,9,17,24,27,9,25,1,62,59,0,38,7,43,23,7,3
12/11/2020,1670,29,126,235,378,314,264,224,137,80,38,0,860,806,4,557,47,268,262,72,464,0,0,0,0,2,7,10,10,0,11,18,0,10,1,10,5,2,1,2,8,10,9,23,23,35,16,0,63,63,0,41,3,38,28,6,10
03/31/2020,489,16,163,5,57,103,97,92,69,39,27,0,259,227,3,107,16,217,82,17,50,0,0,0,4,1,0,5,6,0,6,10,0,2,0,14,0,0,0,2,7,16,25,33,31,28,21,0,71,90,2,30,3,99,18,9,4
06/08/2020,274,15,40,21,63,48,49,41,24,15,13,0,138,133,3,136,3,45,31,10,49,0,0,1,1,2,2,3,6,0,6,9,0,5,1,5,3,1,0,1,7,2,7,8,5,4,6,0,21,19,0,13,2,14,8,3,0
01/11/2021,1360,16,93,187,337,267,212,172,105,48,32,0,691,661,8,441,47,212,274,60,326,0,0,0,0,0,2,5,9,0,6,10,0,5,2,4,4,1,0,2,3,6,9,16,25,13,19,0,42,51,0,16,5,47,15,4,6
04/13/2020,692,33,153,10,99,115,127,161,89,53,38,0,352,336,4,239,25,212,95,31,90,0,0,1,5,3,8,7,9,0,15,18,0,11,2,17,3,0,0,1,5,11,11,41,28,28,28,0,66,87,0,36,6,69,27,12,3
05/20/2020,767,29,93,58,207,131,138,107,72,36,18,0,401,359,7,357,4,145,63,24,174,0,1,1,1,6,10,4,6,0,7,22,0,15,3,7,4,0,0,3,7,4,8,14,21,20,16,0,47,46,0,33,1,39,11,3,6
12/17/2020,1350,23,100,171,325,254,201,183,122,49,44,1,710,633,7,527,43,201,219,60,300,0,0,1,1,3,6,2,10,0,8,15,0,8,0,7,6,0,2,1,9,9,6,15,25,15,19,1,51,48,1,30,4,37,16,2,11
11/06/2020,2775,10,133,344,799,571,410,327,213,69,42,0,1468,1301,6,987,70,367,567,138,646,0,0,1,1,2,3,0,3,0,4,6,0,4,0,5,1,0,0,6,10,9,17,34,16,24,17,0,66,67,0,32,3,55,24,9,10
11/17/2020,2457,21,156,266,580,491,390,344,227,104,55,0,1263,1181,13,848,67,357,446,113,626,0,0,0,0,4,10,3,4,0,7,14,0,10,1,6,4,0,0,3,9,15,14,20,41,35,19,0,75,81,0,48,6,61,23,5,13
02/24/2021,335,4,29,39,79,64,53,47,28,12,13,0,157,173,5,74,7,77,76,18,83,0,0,0,0,0,1,1,2,0,2,2,0,2,0,1,1,0,0,1,3,0,6,6,4,5,4,0,15,14,0,7,2,15,4,1,0
11/19/2020,2169,17,128,249,527,458,358,277,186,84,30,0,1116,1040,13,735,42,281,398,107,606,0,0,0,0,0,7,5,5,0,7,10,0,3,1,5,7,1,0,5,5,13,18,19,21,28,19,0,63,65,0,34,4,44,32,5,9
09/29/2020,381,6,31,47,106,72,65,45,25,17,4,0,194,185,2,162,15,43,81,14,66,0,0,1,0,0,3,1,1,0,2,4,0,3,0,2,1,0,0,1,3,6,2,6,5,4,4,0,17,14,0,14,2,8,5,1,1
03/01/2021,313,2,26,47,80,53,47,32,34,9,11,0,157,154,2,66,13,57,80,23,74,0,0,0,0,1,1,0,0,0,1,1,0,1,0,0,1,0,0,0,1,4,1,4,9,3,4,0,12,14,0,6,1,9,7,3,0
11/30/2020,2378,22,137,280,555,495,369,317,199,99,64,0,1259,1112,7,810,72,333,408,101,654,0,0,0,2,1,4,10,5,0,10,12,0,5,1,6,8,1,1,4,15,13,9,18,22,31,25,0,74,63,0,42,11,45,29,6,4
12/10/2020,1706,19,125,226,366,329,280,233,161,63,48,0,903,792,11,637,43,247,276,76,427,0,0,0,1,2,5,3,8,0,4,15,0,7,2,4,6,0,0,5,12,14,13,21,20,20,19,1,64,61,0,31,2,48,31,2,11
07/14/2020,324,3,23,46,82,69,49,38,23,15,2,0,184,138,2,138,3,71,63,9,40,0,0,0,0,1,0,1,1,0,3,0,0,2,0,0,0,0,1,0,2,3,2,5,6,5,0,0,14,9,0,10,0,10,2,1,0
01/30/2021,422,11,34,76,85,78,52,54,45,21,11,0,221,197,4,138,17,74,92,19,82,0,1,0,0,2,3,3,2,0,1,10,0,6,0,3,2,0,0,0,2,3,4,3,9,8,5,0,12,22,0,12,0,12,7,0,3
10/06/2020,556,2,43,60,175,104,93,71,31,17,5,0,293,262,1,195,13,65,156,24,103,0,0,0,0,0,1,0,1,0,1,1,0,0,0,1,1,0,0,3,6,6,7,6,8,4,3,0,18,25,0,15,1,15,9,1,2
03/03/2020,0,0,3,0,0,0,0,0,0,0,0,0,0,0,0,0,0,0,0,0,0,0,0,0,0,0,0,0,0,0,0,0,0,0,0,0,0,0,0,0,0,1,2,0,0,0,0,0,1,2,0,0,0,3,0,0,0
12/31/2020,975,22,75,89,249,201,144,121,78,56,37,0,491,476,8,217,30,107,297,59,265,0,0,0,0,2,3,11,6,0,10,12,0,9,0,8,4,0,1,2,3,6,5,14,17,13,15,0,36,39,0,15,2,35,19,4,0
12/03/2020,2067,30,126,233,521,401,320,306,157,80,48,1,1090,971,6,704,54,329,346,95,539,0,0,0,1,3,6,10,10,0,12,18,0,7,3,13,6,0,1,1,4,12,16,24,29,19,21,0,54,72,0,41,4,47,24,4,6
03/13/2021,249,2,15,28,62,59,42,30,20,5,3,0,128,120,1,60,3,45,81,25,35,0,0,0,0,0,0,1,1,0,0,2,0,1,0,0,1,0,0,0,1,1,1,3,4,5,0,0,9,6,0,1,0,5,4,2,3
01/07/2021,1384,17,91,165,364,279,191,156,150,50,29,0,675,693,16,429,48,184,341,78,304,0,0,1,0,4,3,6,3,0,6,11,0,7,1,7,2,0,0,0,5,12,8,15,20,16,15,0,43,48,0,21,4,37,20,4,5
10/08/2020,604,3,34,81,180,114,66,81,55,19,8,0,305,297,2,231,14,84,146,22,107,0,0,0,2,0,0,0,1,0,2,1,0,0,1,1,1,0,0,0,4,2,2,5,9,4,8,0,17,17,0,5,1,17,5,3,3
08/29/2020,235,4,27,24,74,37,41,25,22,12,0,0,129,106,0,102,6,26,60,8,33,0,0,0,0,1,1,1,1,0,2,2,0,1,1,0,2,0,0,2,3,4,2,4,5,7,0,0,12,15,0,11,0,8,5,0,3
10/21/2020,1179,6,71,116,380,246,175,130,84,32,16,0,611,567,1,399,26,166,280,63,245,0,0,0,0,0,0,0,6,0,4,2,0,2,0,1,2,1,0,3,5,12,9,7,18,9,8,0,35,36,0,23,0,27,16,2,3
09/27/2020,167,1,35,15,52,32,24,22,11,8,3,0,93,74,0,50,2,26,43,9,37,0,0,0,0,0,0,1,0,0,0,1,0,1,0,0,0,0,0,1,3,2,7,4,10,7,1,0,21,14,0,9,1,12,8,1,4
02/15/2021,258,6,26,35,61,59,37,30,21,12,3,0,127,129,2,63,9,36,71,17,62,0,0,0,0,0,1,3,2,0,3,3,0,1,0,2,3,0,0,1,1,6,2,4,7,3,2,0,12,14,0,2,2,13,8,0,1
10/26/2020,1539,8,87,193,404,302,256,181,116,66,21,0,780,755,4,520,45,251,309,70,344,0,0,0,0,0,0,2,6,0,4,4,0,4,0,0,4,0,0,0,5,9,6,18,17,18,14,0,35,52,0,26,3,26,22,2,8
06/24/2020,243,9,29,22,75,56,28,34,11,9,8,0,142,100,1,84,5,51,41,8,54,0,0,0,0,3,4,1,1,0,5,4,0,6,1,2,0,0,0,0,8,4,1,4,2,8,2,0,21,8,0,7,0,17,5,0,0
06/23/2020,233,8,27,12,72,43,37,27,16,17,9,0,116,116,1,93,7,42,49,5,37,0,0,0,0,0,3,2,3,0,3,5,0,3,0,4,1,0,0,0,3,2,5,4,4,3,6,0,18,9,0,10,0,8,4,4,1
03/07/2020,3,0,3,0,0,0,0,1,0,2,0,0,3,0,0,0,0,2,1,0,0,0,0,0,0,0,0,0,0,0,0,0,0,0,0,0,0,0,0,0,0,0,2,0,0,0,1,0,1,2,0,0,0,1,1,1,0
02/21/2021,157,8,23,16,41,31,27,22,10,6,4,0,86,71,0,24,3,32,59,10,29,0,1,0,1,0,1,3,2,0,3,5,0,2,0,1,3,2,0,1,5,4,2,4,1,4,2,0,13,10,0,3,1,10,6,0,3
02/06/2021,267,12,27,30,53,59,38,44,26,11,6,0,137,129,1,67,15,59,64,12,50,0,0,0,1,0,3,4,4,0,1,11,0,2,0,5,5,0,0,1,0,3,5,5,6,4,3,0,19,8,0,6,2,10,4,3,2
10/25/2020,527,10,55,66,139,125,63,66,39,18,11,0,282,244,1,126,13,84,174,30,100,0,0,0,2,0,4,3,1,0,4,6,0,3,0,5,2,0,0,2,6,6,8,10,12,5,6,0,30,25,0,13,0,24,11,5,2
01/03/2021,646,20,67,73,180,131,81,73,60,30,18,0,327,318,1,139,34,109,187,30,147,0,0,0,1,0,4,7,8,0,10,10,0,9,2,5,4,0,0,2,8,1,8,5,16,16,11,0,29,38,0,15,5,29,12,1,5
02/18/2021,318,5,41,37,99,52,50,42,26,10,2,0,165,149,4,94,5,55,75,23,66,0,0,0,0,1,0,4,0,0,3,2,0,0,0,3,2,0,0,0,2,6,4,9,7,9,4,0,23,18,0,12,0,17,8,2,2
04/14/2020,664,33,173,16,103,120,121,125,78,51,50,0,353,310,1,231,24,196,97,33,83,0,1,2,1,3,5,9,12,0,11,22,0,8,2,13,10,0,0,3,7,13,21,38,32,31,28,0,72,100,1,60,4,71,28,8,2
08/17/2020,493,3,27,69,142,85,72,63,29,23,10,0,237,251,5,259,9,75,93,14,43,0,0,0,0,1,0,1,1,0,1,2,0,0,0,2,1,0,0,0,1,2,5,7,5,6,1,0,13,14,0,8,0,14,4,1,0
06/27/2020,130,5,15,11,41,21,24,13,10,7,3,0,64,66,0,45,1,34,21,6,23,0,0,0,0,0,1,2,2,0,4,1,0,1,0,3,1,0,0,1,4,0,2,1,4,0,3,0,9,6,0,6,0,6,1,1,1
01/26/2021,649,11,64,76,158,124,116,87,45,31,12,0,315,327,7,193,24,123,132,37,140,0,1,0,0,0,1,3,6,0,5,6,0,1,0,7,2,1,0,2,4,5,5,11,14,13,10,0,33,31,0,13,1,22,16,4,8
12/05/2020,1203,11,89,165,271,217,170,184,116,52,28,0,609,592,2,416,29,162,216,49,331,0,0,1,1,1,1,2,5,0,5,6,0,5,0,4,2,0,0,4,7,8,5,12,27,14,12,0,46,43,0,21,4,31,23,8,2
04/10/2020,572,32,158,22,80,102,98,108,85,42,35,0,253,309,10,168,26,213,75,25,65,0,0,1,3,3,3,9,13,0,11,21,0,3,2,24,3,0,0,0,10,10,22,19,39,28,30,0,63,94,1,51,4,71,22,9,1
10/09/2020,669,4,51,67,173,168,100,69,52,27,13,0,326,341,2,247,10,91,175,33,113,0,0,0,1,0,1,1,1,0,0,4,0,1,0,0,2,0,1,2,5,7,6,8,9,6,8,0,28,23,0,12,1,15,16,2,5
11/03/2020,2139,13,111,262,554,449,349,265,151,66,43,0,1088,1047,4,741,59,242,466,99,532,0,0,0,0,2,5,4,2,0,2,11,0,4,0,4,5,0,0,3,10,12,13,19,22,14,18,0,54,56,1,40,5,37,17,2,10
08/08/2020,177,3,16,22,56,27,32,18,14,3,5,0,94,81,2,66,6,39,40,7,19,0,0,0,1,1,0,1,0,0,0,3,0,2,0,1,0,0,0,0,1,1,2,4,3,2,3,0,6,10,0,8,1,5,2,0,0
03/17/2021,463,8,26,48,157,96,67,48,34,9,4,0,234,227,2,87,24,95,134,25,98,0,0,1,0,0,2,1,4,0,4,4,0,1,0,4,3,0,0,0,5,3,3,5,4,2,4,0,15,11,0,5,1,17,3,0,0
08/22/2020,190,2,17,18,58,32,28,26,16,10,2,0,96,92,2,66,4,28,55,12,25,0,0,0,0,0,1,0,1,0,1,1,0,1,0,1,0,0,0,1,1,1,3,2,3,6,0,0,12,5,0,2,0,10,4,1,0
04/18/2020,534,39,163,12,89,101,96,90,81,44,21,0,244,285,5,179,18,160,59,21,97,0,0,0,3,4,8,12,12,0,20,19,0,12,5,20,2,0,0,1,7,18,19,36,39,27,16,0,62,101,0,53,4,74,22,8,2
11/16/2020,2559,26,161,315,600,486,459,339,204,95,61,0,1328,1220,11,902,57,367,489,126,618,0,0,1,1,4,5,8,7,0,9,17,0,14,2,5,5,0,0,0,16,8,18,20,36,36,27,0,77,84,0,46,8,68,30,7,2
07/23/2020,318,3,33,33,101,68,43,35,17,12,9,0,190,127,1,91,13,80,75,14,45,0,0,0,1,0,0,2,0,0,2,1,0,1,0,2,0,0,0,0,4,8,4,6,3,5,3,0,16,17,0,15,1,11,4,1,1
04/02/2020,437,15,171,2,59,69,85,91,58,40,33,0,210,223,4,87,12,226,57,18,37,0,0,0,1,2,1,7,4,0,5,10,0,2,2,9,2,0,0,1,8,15,28,32,36,30,21,0,70,100,1,39,3,97,20,10,2
01/12/2021,1092,11,72,139,288,191,150,134,106,49,35,0,567,519,6,336,41,201,227,53,234,0,0,0,0,4,3,3,1,0,4,7,0,4,1,5,1,0,0,1,15,9,4,6,13,14,10,0,34,38,0,20,0,35,10,4,3
11/01/2020,728,6,75,76,182,151,114,94,53,36,22,0,390,337,1,179,31,98,206,37,177,0,0,0,0,0,3,1,2,0,3,3,0,2,0,3,1,0,0,2,7,3,6,8,14,20,15,0,34,41,0,26,1,28,15,3,2
02/01/2021,610,9,51,79,150,115,94,90,44,22,16,0,320,287,3,199,17,97,147,29,121,0,0,0,0,1,5,0,3,0,7,2,0,3,0,4,2,0,0,1,3,7,3,7,11,10,9,0,28,23,0,13,1,18,12,2,5
09/21/2020,422,2,28,52,123,85,57,46,34,18,7,0,216,203,3,210,5,43,90,15,59,0,0,0,0,0,0,1,1,0,1,1,0,0,0,0,2,0,0,0,3,5,5,4,6,2,3,0,15,13,0,15,0,10,2,0,1
12/15/2020,1621,19,97,215,367,271,258,241,157,68,44,0,818,790,13,613,37,237,252,89,393,0,0,0,3,3,6,5,2,0,6,13,0,9,1,3,4,1,1,1,6,7,11,12,32,15,13,0,43,54,0,28,5,36,15,4,9
,529,1,528,28,119,113,85,75,58,25,13,13,287,231,11,126,15,127,123,32,106,0,0,0,0,0,1,0,0,0,0,1,0,0,0,1,0,0,0,26,69,60,76,94,81,68,54,0,260,264,4,181,44,152,101,34,16
09/18/2020,357,4,30,41,101,74,45,45,34,8,9,0,164,192,1,145,13,45,80,18,56,0,0,0,0,0,0,1,3,0,2,2,0,1,0,1,1,1,0,0,4,0,1,3,5,8,9,0,16,13,1,4,0,12,12,0,2
01/05/2021,1609,16,94,171,472,301,239,185,135,67,37,2,816,789,4,524,46,239,336,95,369,0,0,0,1,2,3,6,4,0,3,13,0,5,1,5,5,0,0,0,10,5,5,12,25,20,17,0,47,47,0,19,6,30,29,5,5
12/04/2020,1847,32,106,241,407,341,301,273,157,84,43,0,936,902,9,591,57,280,308,95,516,0,0,1,1,4,4,7,15,0,14,18,0,16,1,6,9,0,0,4,6,16,11,20,21,15,13,0,51,55,0,27,4,45,17,9,4
10/01/2020,362,4,35,50,121,69,41,49,15,15,2,0,176,185,1,149,6,28,93,24,62,0,0,0,0,2,1,1,0,0,1,3,0,2,1,1,0,0,0,1,3,6,3,4,8,5,5,0,22,13,0,14,1,11,4,0,5
04/29/2020,1151,42,160,54,208,231,219,201,117,62,59,0,535,589,27,517,17,171,115,47,284,0,1,1,4,4,5,8,19,0,20,22,0,16,3,13,10,0,0,0,12,11,23,25,34,22,33,0,80,80,0,58,4,48,36,9,5
11/28/2020,1375,17,124,159,327,257,218,200,129,55,30,0,696,674,5,483,39,153,238,58,404,0,0,1,0,4,3,4,5,0,9,8,0,6,0,7,4,0,0,2,7,10,12,18,24,27,24,0,56,67,1,38,3,45,27,5,6
03/21/2021,206,3,,18,69,44,27,24,13,7,4,0,96,110,0,40,10,43,67,12,34,0,0,0,0,0,1,0,2,0,2,1,0,1,1,0,1,0,0,,,,,,,,,,,,,,,,,,
09/13/2020,123,3,28,13,37,30,19,12,9,3,0,0,61,62,0,37,2,14,39,6,25,0,0,0,0,0,0,1,2,0,2,1,0,1,0,2,0,0,0,2,5,3,1,6,7,2,2,0,14,14,0,11,0,4,12,1,0
09/17/2020,393,0,28,38,123,89,53,40,30,11,9,0,190,202,1,134,13,49,122,12,63,0,0,0,0,0,0,0,0,0,0,0,0,0,0,0,0,0,0,2,2,2,4,6,6,1,5,0,12,16,0,8,1,7,10,1,1
03/01/2020,0,0,2,0,0,0,0,0,0,0,0,0,0,0,0,0,0,0,0,0,0,0,0,0,0,0,0,0,0,0,0,0,0,0,0,0,0,0,0,0,0,1,0,0,0,1,0,0,1,1,0,0,0,0,2,0,0
07/02/2020,256,6,25,25,80,44,39,28,22,10,8,0,144,112,0,79,8,60,50,6,53,0,0,0,0,1,1,1,3,0,3,3,0,3,0,2,1,0,0,1,5,4,4,2,4,1,4,0,12,13,0,6,0,8,6,3,2
08/21/2020,431,5,21,60,139,89,46,54,29,11,3,0,243,186,2,221,16,55,82,16,41,0,0,0,1,1,1,1,1,0,3,2,0,4,0,0,1,0,0,1,0,1,3,6,3,3,4,0,11,10,0,11,0,6,2,2,0
10/11/2020,298,4,34,22,92,59,43,36,30,9,7,0,125,172,1,83,7,48,100,12,48,0,0,0,0,1,1,0,2,0,0,4,0,2,0,1,1,0,0,0,2,3,7,4,6,6,6,0,16,18,0,9,1,9,9,1,5
07/09/2020,288,7,29,27,93,59,40,34,23,7,5,0,135,152,1,83,4,87,62,9,43,0,0,0,0,1,2,4,0,0,4,3,0,3,0,2,2,0,0,0,4,3,2,10,5,3,2,0,13,16,0,7,2,15,4,0,1
03/22/2020,168,2,73,6,23,27,31,37,24,14,6,0,75,93,0,22,6,83,50,4,3,0,0,0,1,1,0,0,0,0,0,2,0,0,0,1,0,1,0,0,6,8,13,14,13,14,5,0,37,35,1,12,4,47,6,3,1
07/24/2020,347,3,26,38,104,76,47,39,21,11,11,0,197,148,2,127,12,75,66,12,55,0,0,1,0,1,1,0,0,0,0,3,0,3,0,0,0,0,0,0,6,0,6,3,4,2,5,0,13,13,0,8,1,13,4,0,0
01/13/2021,1118,17,72,146,277,226,147,143,97,48,34,0,554,553,11,318,41,215,237,56,251,0,0,0,0,0,7,2,8,0,7,10,0,4,2,8,2,1,0,2,5,5,10,10,13,15,12,0,36,36,0,15,2,32,15,4,4
04/28/2020,1323,56,179,68,246,232,253,248,156,68,52,0,619,674,30,578,16,243,110,84,292,0,0,0,3,5,9,10,29,0,23,33,0,13,5,26,12,0,0,2,10,18,22,42,28,30,27,0,73,106,0,64,6,64,30,15,0
01/10/2021,503,17,69,63,123,94,79,65,41,23,15,0,263,235,5,112,19,81,146,30,115,0,0,1,0,1,2,6,7,0,6,11,0,5,1,3,7,0,1,2,8,3,12,6,17,10,11,0,38,31,0,21,3,26,12,3,4
02/07/2021,212,8,45,23,48,46,30,31,14,13,7,0,111,99,2,55,8,37,59,15,38,0,0,0,0,1,1,4,2,0,3,5,0,1,1,4,2,0,0,1,6,5,3,8,7,8,7,0,23,22,0,8,1,16,12,1,7
03/16/2020,78,1,17,1,14,21,18,12,7,4,1,0,37,41,0,8,6,26,31,0,7,0,0,0,0,0,1,0,0,0,1,0,0,0,0,1,0,0,0,0,2,0,7,3,2,2,1,0,4,13,0,2,0,11,4,0,0
03/20/2021,271,6,29,31,87,63,35,26,19,4,6,0,134,137,0,58,13,74,71,15,40,0,0,0,0,1,2,1,2,0,3,3,0,1,0,2,2,0,1,1,6,3,1,9,5,1,3,0,16,13,0,7,1,12,6,1,2
10/22/2020,1307,4,71,146,333,307,214,136,92,53,26,0,679,621,7,490,22,177,289,52,277,0,0,1,1,0,0,2,0,0,2,2,0,1,0,1,2,0,0,0,7,6,9,15,8,10,16,0,46,25,0,27,1,21,13,7,2
07/12/2020,97,4,17,7,33,15,19,11,3,7,2,0,52,45,0,27,4,25,19,4,18,0,0,0,0,0,2,0,2,0,2,2,0,0,0,1,3,0,0,1,3,0,2,2,2,6,1,0,7,10,0,5,2,8,1,0,1
06/04/2020,319,15,34,27,92,63,54,40,25,10,8,0,160,156,3,145,5,64,23,9,73,0,0,2,1,0,6,4,2,0,6,9,0,6,1,8,0,0,0,0,7,1,6,5,10,3,2,0,20,14,0,12,1,11,7,1,2
02/19/2021,321,8,30,47,84,63,40,43,14,16,14,0,164,155,2,79,12,51,75,24,80,0,0,0,1,0,1,3,3,0,3,5,0,1,0,6,1,0,0,0,3,5,2,3,4,3,10,0,14,16,0,7,2,14,4,0,3
12/09/2020,1754,28,124,194,431,330,295,220,178,74,32,0,940,805,9,616,51,289,268,79,451,0,1,0,1,2,9,8,7,0,11,17,0,9,1,9,9,0,0,5,9,5,11,23,26,25,20,0,64,60,0,31,6,50,27,7,3
10/31/2020,1066,10,87,136,272,223,168,129,86,39,12,1,543,522,1,331,34,141,228,63,269,0,0,1,0,2,1,5,1,0,2,8,0,4,1,2,3,0,0,2,7,5,15,14,22,14,7,1,42,45,0,23,3,36,16,4,5
03/21/2020,125,2,66,0,18,25,20,28,16,13,5,0,53,72,0,25,6,61,26,3,4,0,0,0,0,0,1,0,1,0,0,2,0,0,0,2,0,0,0,0,4,6,8,19,11,14,4,0,23,43,0,13,4,35,12,1,1
10/16/2020,952,3,55,113,243,181,159,133,73,35,15,0,495,451,6,349,20,168,227,32,156,0,0,0,0,0,2,0,1,0,1,2,0,0,0,3,0,0,0,1,6,7,3,10,12,12,4,0,35,20,0,15,1,14,10,3,12
03/03/2021,337,4,22,46,92,72,56,29,24,14,4,0,160,177,0,75,21,71,88,34,48,0,0,0,0,0,0,1,3,0,2,2,0,0,1,2,1,0,0,1,1,1,1,4,7,5,2,0,14,8,0,2,0,13,7,0,0
04/01/2020,461,24,183,3,57,69,87,84,91,41,29,0,237,208,16,99,19,222,62,16,43,0,0,1,1,1,7,6,8,0,12,12,0,3,1,19,0,0,1,1,4,13,26,40,43,31,25,0,78,102,3,39,5,101,26,8,4
10/19/2020,1167,4,59,151,275,251,162,169,96,43,20,0,597,568,2,429,25,201,250,50,212,0,0,0,0,0,3,1,0,0,1,3,0,1,0,2,1,0,0,2,4,1,8,15,11,10,8,0,29,30,0,13,1,20,19,3,3
06/28/2020,110,5,27,8,36,22,20,10,9,3,2,0,64,46,0,33,1,21,23,7,25,0,0,0,1,0,2,0,2,0,4,1,0,2,0,2,1,0,0,0,5,0,4,5,4,4,5,0,17,10,0,9,0,12,5,0,1
04/21/2020,870,36,169,20,148,164,158,152,108,56,64,0,435,430,5,358,13,208,118,37,136,0,1,0,3,0,7,11,14,0,14,22,0,12,2,18,4,0,0,1,5,10,17,33,36,33,34,0,71,98,0,55,4,71,27,10,2
03/18/2021,420,3,31,55,162,77,54,42,22,3,5,0,204,216,0,74,13,82,141,18,92,0,0,0,0,1,0,0,2,0,2,1,0,1,1,1,0,0,0,4,4,4,4,4,10,1,0,0,16,15,0,4,2,13,8,4,0
04/20/2020,989,40,183,24,158,182,212,193,122,56,41,1,476,502,11,405,25,248,116,44,151,0,0,1,1,4,6,10,18,0,15,25,0,11,2,15,11,1,0,1,8,15,31,34,38,26,30,0,76,106,1,65,5,69,30,12,2
12/23/2020,1224,21,99,141,286,223,195,169,117,61,31,1,635,582,7,425,50,208,225,56,260,0,0,0,2,2,5,5,7,0,6,15,0,8,1,5,7,0,0,1,6,5,6,15,21,24,21,0,49,50,0,25,7,36,26,3,2
07/07/2020,343,4,26,36,107,69,55,45,19,8,4,0,184,158,1,100,12,91,70,12,58,0,0,0,0,0,3,0,1,0,3,1,0,3,0,1,0,0,0,0,2,3,3,5,4,6,3,0,10,16,0,4,2,14,4,1,1
03/11/2021,342,1,26,38,104,78,46,36,27,5,8,0,155,183,4,84,14,49,100,22,73,0,0,0,0,0,0,0,1,0,1,0,0,0,0,1,0,0,0,1,2,2,3,5,6,4,2,1,15,11,0,9,1,7,6,1,2
03/09/2021,323,4,21,43,102,60,37,38,19,12,12,0,158,161,4,66,13,56,80,35,73,0,0,0,0,3,0,1,0,0,3,1,0,1,0,2,1,0,0,1,1,3,4,3,3,5,1,0,12,9,0,5,1,8,4,2,1
01/08/2021,1216,18,58,160,329,218,169,154,110,48,28,0,614,596,6,395,32,215,252,63,259,0,0,1,2,1,4,6,4,0,10,8,0,4,3,7,3,0,1,2,2,3,9,15,13,6,8,0,28,30,0,13,2,29,10,1,3
02/04/2021,536,9,57,67,137,121,69,63,46,21,12,0,267,266,3,146,18,104,137,24,107,0,0,0,0,1,1,2,5,0,5,4,0,1,1,4,3,0,0,1,4,7,5,11,14,10,5,0,36,21,0,12,1,24,15,1,4
11/05/2020,2631,6,120,289,762,577,386,311,186,70,50,0,1370,1250,11,952,43,329,492,141,674,0,0,1,0,1,0,0,4,0,3,3,0,1,0,1,2,1,1,2,9,12,9,25,30,19,14,0,53,67,0,33,3,47,21,10,6
03/20/2020,155,0,54,2,23,22,32,30,27,15,4,0,72,83,0,20,6,78,38,4,9,0,0,0,0,0,0,0,0,0,0,0,0,0,0,0,0,0,0,0,4,3,6,12,16,11,2,0,19,35,0,8,1,37,7,1,0
09/19/2020,170,2,22,11,49,41,23,24,16,2,4,0,89,79,2,64,2,19,41,13,31,0,0,0,0,0,0,0,2,0,1,1,0,0,0,1,1,0,0,2,1,1,1,4,6,3,4,0,13,8,1,9,0,8,3,2,0
07/31/2020,392,2,23,46,112,82,64,42,31,8,7,0,208,181,3,185,5,77,75,13,37,0,0,0,0,1,0,0,1,0,1,1,0,1,0,1,0,0,0,1,3,5,1,2,5,4,2,0,11,12,0,7,1,11,3,1,0
02/12/2021,357,13,35,42,107,68,48,24,40,20,8,0,169,188,0,84,14,61,100,31,67,0,0,1,2,2,2,3,3,0,5,8,0,3,0,4,6,0,0,1,5,2,4,7,8,6,2,0,18,17,0,4,2,16,7,3,3
09/08/2020,368,1,19,36,120,80,55,39,23,10,5,0,180,188,0,177,8,38,81,9,55,0,0,0,0,0,1,0,0,0,0,1,0,0,0,0,1,0,0,1,1,0,3,2,4,4,4,0,7,12,0,10,0,5,4,0,0
02/25/2021,282,8,18,32,70,60,53,19,26,17,5,0,131,148,3,89,11,40,73,14,55,0,0,0,0,0,1,5,2,0,2,6,0,4,0,1,3,0,0,0,1,2,0,5,4,5,1,0,6,12,0,3,3,9,3,0,0
10/30/2020,1868,4,97,233,476,383,286,241,149,64,36,0,953,910,5,679,32,257,346,93,461,0,0,0,0,2,1,1,0,0,2,2,0,0,0,3,1,0,0,3,8,15,8,9,13,18,23,0,51,46,0,26,2,36,22,5,6
10/05/2020,552,3,29,53,159,116,94,66,38,22,4,0,265,286,1,202,12,97,111,21,109,0,0,0,0,0,0,1,2,0,2,1,0,0,0,0,2,0,1,0,4,3,4,3,7,7,1,0,13,16,0,9,0,14,5,1,0
10/15/2020,907,2,51,86,267,213,112,114,72,28,15,0,463,442,2,362,18,111,213,32,171,0,0,0,0,1,1,0,0,0,1,1,0,0,0,2,0,0,0,1,2,10,7,6,10,8,7,0,27,24,0,10,1,22,13,4,1
09/30/2020,465,2,31,48,141,95,53,66,35,17,10,0,237,226,2,154,7,80,113,29,82,0,0,0,0,0,0,2,0,0,0,2,0,1,0,1,0,0,0,1,3,3,2,4,5,7,6,0,16,15,0,10,0,8,11,2,0
03/11/2020,13,0,9,0,4,1,3,3,2,0,0,0,4,9,0,2,0,5,6,0,0,0,0,0,0,0,0,0,0,0,0,0,0,0,0,0,0,0,0,0,0,1,3,3,2,0,0,0,4,5,0,2,0,5,2,0,0
10/02/2020,412,3,28,46,105,98,58,40,24,30,11,0,205,206,1,163,11,42,105,24,67,0,0,0,0,1,0,2,0,0,1,2,0,1,0,1,1,0,0,0,4,4,3,4,4,4,5,0,16,11,1,7,2,8,9,1,1
08/07/2020,417,2,25,65,108,82,55,48,35,14,10,0,198,218,1,181,9,68,89,17,53,0,0,0,0,0,1,0,1,0,1,1,0,1,0,1,0,0,0,2,3,5,0,5,5,2,3,0,14,11,0,9,0,12,2,1,1
05/26/2020,754,23,77,61,161,129,137,128,76,40,22,0,395,353,6,357,15,116,61,37,168,0,0,0,0,2,8,9,4,0,8,15,0,7,1,12,3,0,0,2,4,6,8,27,12,9,9,0,42,35,0,27,1,29,14,1,5
03/13/2020,32,0,12,0,4,13,5,5,5,0,0,0,8,24,0,4,2,4,18,0,4,0,0,0,0,0,0,0,0,0,0,0,0,0,0,0,0,0,0,0,0,2,1,2,5,2,0,0,6,6,0,2,0,5,5,0,0
01/16/2021,629,13,67,85,141,106,113,83,63,28,9,1,360,268,1,245,22,92,125,22,123,0,0,0,1,1,5,3,3,0,6,7,0,9,1,0,3,0,0,2,5,4,6,5,14,14,16,1,33,34,0,20,1,25,17,4,0
03/04/2021,281,7,23,42,80,57,38,24,23,11,6,0,144,136,1,71,20,49,78,18,45,0,0,1,1,1,1,0,3,0,4,3,0,3,0,0,4,0,0,0,1,3,4,4,4,4,3,0,13,10,0,2,1,13,7,0,0
12/16/2020,1383,26,90,175,323,252,217,205,110,54,47,0,682,692,9,466,35,255,253,59,315,0,0,2,1,0,7,7,9,0,13,13,0,4,1,11,10,0,0,2,7,2,9,21,17,17,15,0,50,40,0,26,2,35,18,5,4
05/01/2020,1170,39,142,59,223,221,204,193,133,69,68,0,615,524,31,537,26,194,110,46,257,0,1,0,1,4,12,8,13,0,14,25,0,12,1,15,10,0,1,0,14,13,17,22,24,32,20,0,76,66,0,48,3,62,23,4,2
01/06/2021,1465,13,74,191,419,299,206,156,107,63,24,0,759,697,9,428,54,250,325,82,326,0,0,0,0,2,5,1,5,0,6,7,0,3,2,4,3,1,0,2,4,8,6,12,12,16,14,0,31,42,1,20,3,23,18,1,9
09/01/2020,331,3,20,34,97,70,39,45,32,8,6,0,178,153,0,131,5,55,79,8,53,0,0,0,0,0,2,1,0,0,2,1,0,2,0,0,1,0,0,0,2,3,7,2,2,2,2,0,11,9,0,7,0,9,2,1,1
09/09/2020,401,5,21,41,133,74,54,46,37,11,5,0,218,183,0,196,12,57,87,9,40,0,0,0,0,1,1,2,1,0,4,1,0,5,0,0,0,0,0,0,1,0,5,4,3,6,2,0,11,10,0,7,1,6,4,1,2
10/20/2020,1194,5,59,159,307,231,198,141,88,48,22,0,605,586,3,470,35,137,273,40,239,0,0,0,0,2,1,1,1,0,2,3,0,1,0,2,2,0,0,1,5,5,4,8,14,14,8,0,31,28,0,17,1,18,19,2,2
03/23/2021,423,2,,45,147,92,49,50,25,10,5,0,210,213,0,48,17,68,161,33,96,0,0,0,0,0,1,1,0,0,1,1,0,1,1,0,0,0,0,,,,,,,,,,,,,,,,,,
02/14/2021,145,9,22,23,37,29,19,17,5,12,2,1,76,67,2,25,8,24,41,11,36,0,0,0,0,0,2,3,4,0,4,5,0,2,0,3,4,0,0,1,2,3,0,5,5,5,1,0,12,10,0,7,0,10,3,0,2
02/27/2021,179,6,17,31,39,33,22,24,14,9,7,0,102,77,0,53,12,41,33,9,31,0,0,0,0,1,1,1,3,0,2,4,0,2,0,2,2,0,0,0,0,0,0,5,4,4,4,0,7,10,0,3,0,10,4,0,0
10/04/2020,150,5,28,19,34,25,20,24,13,12,3,0,62,88,0,38,6,25,44,6,31,0,0,0,0,0,0,1,4,0,3,2,0,1,0,1,3,0,0,0,2,4,2,3,6,10,1,0,14,14,0,3,0,16,6,1,2
12/27/2020,619,23,97,49,141,116,84,94,72,37,26,0,327,286,6,148,23,95,189,37,127,0,0,0,0,3,6,4,10,0,10,13,0,3,1,9,9,0,1,1,5,5,7,24,21,17,17,0,46,51,0,21,4,41,20,2,9
10/07/2020,545,1,37,59,163,117,85,62,33,17,9,0,267,276,2,198,7,68,135,16,121,0,0,0,0,0,1,0,0,0,0,1,0,0,0,1,0,0,0,0,4,3,8,6,7,3,6,0,19,18,0,9,0,10,14,1,3
01/22/2021,737,13,56,102,170,144,117,98,61,30,15,0,387,349,1,230,21,139,148,48,151,0,0,0,0,2,5,4,2,0,5,8,0,5,0,4,4,0,0,2,3,8,6,7,11,8,11,0,21,35,0,13,1,21,13,5,3
05/29/2020,460,20,54,33,115,70,85,75,42,18,22,0,249,206,5,218,9,100,34,17,82,0,0,0,1,3,5,6,5,0,11,9,0,7,0,10,2,1,0,3,1,5,7,12,9,9,8,0,32,22,0,13,1,26,9,3,2
04/03/2020,467,24,164,2,71,64,77,94,80,49,30,0,254,212,1,114,24,184,81,17,47,0,0,1,2,2,4,6,9,0,12,12,0,3,0,19,2,0,0,2,7,11,23,27,40,33,21,0,77,86,1,37,4,91,22,6,4
12/24/2020,619,21,56,70,127,129,82,86,66,31,28,0,303,309,7,140,19,97,172,37,154,0,0,0,0,0,7,5,9,0,8,13,0,6,2,9,4,0,0,2,2,3,8,10,10,9,12,0,26,30,0,12,2,20,16,3,3
03/28/2020,248,4,133,2,27,54,36,44,38,28,19,0,137,110,1,37,5,133,41,11,21,0,0,0,0,2,0,1,1,0,1,3,0,1,0,2,1,0,0,1,5,11,18,33,21,22,22,0,71,62,0,22,3,86,15,6,1
09/15/2020,354,1,25,54,101,68,47,42,26,13,3,0,190,164,0,157,6,46,91,12,42,0,0,0,0,0,1,0,0,0,1,0,0,0,0,1,0,0,0,0,2,0,4,5,5,6,3,0,13,12,0,8,1,10,4,0,2
08/16/2020,120,3,18,10,40,28,9,15,10,6,1,1,56,62,2,27,5,17,42,9,20,0,0,1,0,1,0,1,0,0,2,1,0,0,0,1,2,0,0,0,6,0,1,2,5,2,2,0,11,6,1,11,1,5,0,0,1
12/06/2020,709,26,97,71,161,128,111,99,73,48,18,0,375,331,3,176,25,127,138,26,217,0,0,0,2,2,3,8,11,0,10,16,0,9,3,6,6,1,1,2,9,5,8,13,18,20,22,0,50,47,0,28,2,41,20,3,3
02/05/2021,406,8,50,49,101,73,53,55,36,22,17,0,206,198,2,104,20,68,84,25,105,0,0,1,0,1,3,0,3,0,4,4,0,3,0,4,1,0,0,1,4,5,6,6,9,9,10,0,28,22,0,13,2,24,9,1,1
03/15/2021,362,3,29,40,106,72,60,31,34,11,8,0,201,161,0,85,25,69,92,23,68,0,0,0,0,0,2,0,1,0,1,2,0,2,0,1,0,0,0,1,2,2,3,4,11,2,4,0,20,9,0,6,3,8,4,3,5
10/28/2020,1745,8,101,213,466,403,289,192,110,50,22,0,909,827,9,658,35,236,329,85,402,0,0,0,1,1,4,2,0,0,1,7,0,3,0,3,1,0,1,4,10,9,13,17,16,16,16,0,57,44,0,23,2,40,30,3,3
09/24/2020,407,5,25,52,120,87,61,44,28,9,6,0,200,204,3,174,6,39,108,9,71,0,0,0,1,1,1,1,1,0,2,3,0,4,0,1,0,0,0,0,0,2,4,5,6,6,2,0,11,14,0,7,0,7,7,2,2
04/22/2020,1054,45,150,33,170,169,168,205,150,65,94,0,518,479,57,431,23,228,102,44,226,0,0,3,2,5,15,8,12,0,20,25,0,8,0,27,9,1,0,1,5,10,29,24,35,20,26,0,69,80,1,47,4,62,25,11,1
03/19/2020,184,2,39,5,34,47,36,25,18,17,2,0,86,98,0,20,10,80,63,7,4,0,0,0,0,0,0,1,1,0,1,1,0,0,0,1,1,0,0,0,1,2,8,9,6,11,2,0,17,22,0,4,1,25,8,1,0
01/01/2021,267,20,84,27,58,50,38,35,19,22,18,0,132,133,2,57,8,50,67,14,71,0,0,1,1,0,6,4,8,0,8,12,0,6,1,6,6,1,0,0,4,12,7,21,9,12,19,0,42,42,0,23,3,33,15,5,5
07/08/2020,310,4,28,37,100,69,38,33,20,11,2,0,158,151,1,89,8,72,54,12,75,0,0,0,0,0,2,1,1,0,3,1,0,2,0,1,1,0,0,2,6,3,0,2,6,5,4,0,14,14,0,10,1,8,6,1,2
07/11/2020,155,2,20,9,69,22,22,13,12,8,0,0,79,76,0,34,3,43,35,13,27,0,1,0,0,0,0,1,0,0,0,2,0,0,0,2,0,0,0,0,8,1,2,1,3,4,1,0,8,12,0,4,1,13,2,0,0
06/07/2020,110,20,32,3,30,29,16,13,8,7,4,0,52,58,0,44,3,22,9,3,29,0,0,1,2,1,8,1,7,0,7,13,0,10,0,8,2,0,0,0,6,6,5,5,5,5,0,0,18,14,0,16,2,10,1,2,1
11/04/2020,2507,8,108,304,706,563,365,283,171,84,31,0,1282,1212,13,900,60,345,546,107,549,0,0,0,0,0,1,2,5,0,5,3,0,5,0,1,2,0,0,5,4,6,10,27,18,28,10,0,57,51,0,33,1,39,24,5,6
03/30/2020,439,12,160,6,54,78,81,82,59,43,36,0,217,222,0,85,12,210,78,17,37,0,0,1,1,2,2,5,1,0,4,8,0,3,1,6,2,0,0,0,9,9,17,33,35,33,24,0,69,91,0,27,2,101,20,9,1
01/24/2021,340,16,52,34,82,72,46,43,29,24,10,0,170,169,1,64,18,55,111,18,74,0,0,0,1,2,2,8,3,0,11,5,0,6,1,7,2,0,0,0,3,7,6,6,10,13,7,0,29,23,0,10,4,22,11,3,2
04/12/2020,341,33,138,28,32,56,54,60,46,34,31,0,142,182,17,91,7,116,56,21,50,0,0,1,2,3,11,6,10,0,16,17,0,4,1,20,8,0,0,0,3,7,16,31,30,30,21,0,56,81,1,33,4,69,25,7,0
09/04/2020,396,2,25,61,103,83,52,38,33,16,10,0,206,188,2,187,11,67,84,9,38,0,0,0,0,0,0,1,1,0,1,1,0,0,0,1,1,0,0,0,3,1,4,3,3,5,6,0,18,7,0,10,1,10,3,0,1
02/22/2021,390,7,28,54,89,83,58,54,33,11,8,0,197,191,2,136,12,61,87,19,75,0,0,0,2,2,1,1,1,0,3,4,0,3,0,4,0,0,0,0,1,2,4,4,8,2,7,0,11,17,0,9,0,11,7,0,1
07/18/2020,132,4,18,13,37,25,21,19,9,5,3,0,61,71,0,41,1,42,20,5,23,0,0,0,0,1,1,1,1,0,2,2,0,2,0,0,2,0,0,0,1,1,2,2,3,7,2,0,9,9,0,2,0,11,2,2,1
06/25/2020,248,11,23,22,69,65,36,21,20,11,4,0,123,125,0,85,4,60,43,8,48,0,0,1,3,0,2,2,3,0,6,5,0,7,0,3,1,0,0,0,3,1,4,4,4,6,1,0,13,10,0,6,0,13,2,1,1
07/22/2020,364,4,36,39,123,82,56,28,21,13,2,0,188,170,6,131,9,79,96,10,39,0,0,0,0,1,0,1,2,0,1,3,0,1,0,1,2,0,0,3,3,7,6,1,6,8,2,0,20,16,0,13,1,15,5,1,1
07/17/2020,326,3,25,35,103,66,48,35,21,13,5,0,168,155,3,127,6,78,55,14,46,0,0,0,0,2,0,0,1,0,1,2,0,2,0,1,0,0,0,0,5,2,8,3,2,2,3,0,11,14,0,4,0,13,6,0,2
02/09/2021,414,7,38,49,112,74,60,54,39,13,13,0,211,198,5,88,16,96,98,16,100,0,0,0,0,2,1,1,3,0,4,3,0,1,1,3,2,0,0,0,2,2,4,11,6,8,5,0,16,22,0,11,0,15,9,3,0
12/13/2020,612,22,74,53,130,128,92,84,60,38,27,0,328,282,2,123,29,97,143,36,184,0,1,0,1,2,5,9,4,0,5,17,0,5,1,10,6,0,0,3,7,2,8,8,15,11,20,0,39,35,0,23,3,31,14,3,0
03/19/2021,426,1,30,63,134,105,50,36,20,12,6,0,212,213,1,105,26,82,107,21,85,0,0,0,0,0,0,0,1,0,1,0,0,0,1,0,0,0,0,1,2,4,3,4,6,5,5,0,16,14,0,10,0,14,4,0,2
10/13/2020,881,5,43,90,254,194,134,108,58,24,19,0,449,429,3,366,17,122,195,43,138,0,0,0,0,0,2,2,1,0,1,4,0,1,0,3,1,0,0,2,4,4,9,6,8,4,6,0,24,19,0,13,1,10,11,3,5
11/11/2020,2477,9,138,265,679,513,361,317,210,78,54,0,1298,1166,13,563,66,357,514,139,838,0,0,0,0,1,5,1,2,0,3,6,0,5,0,2,2,0,0,2,12,12,15,22,28,20,27,0,76,62,0,30,2,54,39,9,4
06/06/2020,170,20,38,18,33,22,36,28,20,9,4,0,88,81,1,82,1,25,24,7,31,0,0,1,1,0,7,7,4,0,7,13,0,8,1,9,2,0,0,0,6,5,4,5,10,2,6,0,12,26,0,15,0,13,8,0,2
03/10/2021,329,8,17,52,97,62,40,44,22,7,5,0,166,159,4,89,9,46,82,19,84,0,0,0,2,1,1,3,1,0,2,6,0,2,1,2,2,0,1,0,2,0,1,3,4,4,3,0,9,8,0,6,1,4,2,2,2
11/25/2020,1834,17,117,263,433,354,256,233,165,84,45,1,963,860,11,549,36,300,319,92,538,0,0,1,1,0,3,6,6,0,4,13,0,8,0,4,5,0,0,2,8,12,10,22,26,18,19,0,62,55,0,40,5,33,27,7,5
02/16/2021,211,5,30,23,65,30,43,22,17,7,4,0,112,98,1,39,7,37,66,11,51,0,0,0,0,0,1,3,1,0,1,4,0,2,0,2,1,0,0,0,3,2,3,5,7,5,5,0,22,8,0,5,0,17,6,1,1
02/10/2021,366,11,52,51,101,69,41,44,28,19,13,0,171,195,0,72,12,77,94,23,88,0,0,0,1,1,2,2,5,0,5,6,0,3,1,4,3,0,0,1,6,8,5,9,10,4,9,0,22,30,0,18,1,21,11,1,0
04/08/2020,705,36,174,11,86,100,107,155,129,69,48,0,329,347,29,171,20,302,103,31,78,0,0,0,1,7,8,9,11,0,13,23,0,3,2,22,9,0,0,1,1,14,16,38,41,37,26,0,65,108,1,38,5,89,30,12,0
11/24/2020,1926,16,126,237,446,364,325,254,163,84,52,1,1019,896,11,596,49,315,342,104,520,0,0,0,1,1,3,8,3,0,2,14,0,3,0,8,5,0,0,2,6,8,12,24,32,16,26,0,59,67,0,38,6,47,28,2,5
12/07/2020,2059,34,120,276,470,395,328,283,168,90,49,0,1065,983,11,759,62,329,320,104,485,0,0,0,3,5,3,10,13,0,10,24,0,12,3,10,9,0,0,6,13,9,9,26,21,14,22,0,57,62,1,34,4,50,20,4,8
12/02/2020,2049,35,114,215,513,408,305,300,183,75,50,0,1070,973,6,701,68,288,361,82,549,0,1,0,1,6,5,7,15,0,19,16,0,13,3,12,5,2,0,1,8,9,18,10,20,21,27,0,58,56,0,27,2,42,32,4,7
06/09/2020,254,23,37,19,49,34,46,44,38,14,10,0,114,136,4,111,3,38,37,12,53,0,0,0,2,6,5,4,6,0,7,16,0,11,0,10,2,0,0,0,1,1,7,6,6,6,10,0,15,22,0,10,0,19,7,1,0
02/13/2021,222,8,30,23,62,40,37,29,19,7,5,0,119,103,0,70,13,39,55,11,34,0,0,0,1,0,1,3,3,0,3,5,0,2,1,1,4,0,0,1,3,1,7,1,7,4,6,0,18,12,0,4,1,11,8,4,2
09/26/2020,232,4,23,26,65,50,32,40,11,7,1,0,104,128,0,89,5,13,72,13,40,0,0,1,0,1,1,0,1,0,1,3,0,2,0,1,1,0,0,0,3,6,1,6,2,4,1,0,16,7,0,6,0,6,8,1,2
04/26/2020,433,51,132,12,84,54,96,66,57,32,32,0,228,203,2,150,18,89,61,22,93,0,1,0,4,3,13,11,19,0,22,29,0,18,2,23,8,0,0,0,11,7,22,23,28,19,22,0,58,74,0,53,2,38,28,10,1
07/20/2020,392,5,23,53,93,90,55,47,36,14,4,0,197,190,5,162,9,87,69,17,48,0,0,1,1,0,2,1,0,0,2,3,0,3,0,1,1,0,0,1,2,3,2,3,6,5,1,0,16,7,0,8,0,14,0,0,1
11/10/2020,3350,14,150,397,818,687,545,438,284,127,54,0,1715,1624,11,1218,86,453,640,144,809,0,0,0,1,0,1,7,5,0,10,4,0,3,0,8,3,0,0,0,4,15,16,27,36,31,21,0,65,85,0,43,3,55,30,11,8
06/21/2020,47,11,18,4,16,11,3,7,2,3,1,0,28,19,0,16,1,11,6,2,11,0,0,1,0,1,3,3,3,0,6,5,0,4,0,3,4,0,0,1,2,2,1,3,3,5,1,0,13,5,0,8,0,7,2,1,0
10/23/2020,1018,4,74,126,254,188,174,132,90,37,16,1,544,467,7,267,25,189,262,42,233,0,0,0,0,0,0,0,4,0,3,1,0,2,0,1,1,0,0,3,7,10,5,13,17,13,6,0,40,34,0,19,2,23,19,1,10
04/23/2020,1465,36,164,32,194,205,222,240,244,161,167,0,733,644,88,476,20,368,178,71,352,0,1,1,4,3,9,8,10,0,9,27,0,13,2,14,7,0,0,1,6,13,22,26,39,30,27,0,75,87,2,60,6,57,28,11,2
03/17/2020,96,1,29,0,15,21,18,17,19,2,4,0,37,58,1,7,3,38,40,3,5,0,0,0,0,1,0,0,0,0,0,1,0,0,0,1,0,0,0,0,4,1,2,7,8,3,4,0,8,21,0,4,0,20,5,0,0
12/12/2020,912,21,90,110,214,177,135,124,89,45,18,0,467,443,2,287,27,134,216,32,216,0,0,0,0,2,5,5,9,0,10,11,0,3,2,9,7,0,0,1,3,6,8,20,18,21,13,0,41,48,1,16,5,43,15,3,8
12/28/2020,1672,19,99,204,369,362,215,244,172,66,40,0,848,815,9,604,52,247,281,90,398,0,0,0,0,3,2,8,6,0,7,12,0,7,1,4,7,0,0,3,7,4,10,19,18,21,17,0,50,49,0,29,3,37,20,5,5
01/09/2021,779,17,61,96,218,141,101,104,71,34,13,1,404,373,2,243,23,123,162,42,186,0,0,0,1,1,3,3,9,0,7,10,0,4,1,6,6,0,0,0,6,4,4,5,18,13,10,1,29,32,0,17,2,24,12,2,4
09/20/2020,109,6,18,14,31,29,13,9,5,7,1,0,57,52,0,29,9,13,46,2,10,0,0,0,0,0,3,1,2,0,3,3,0,3,0,1,2,0,0,0,3,2,1,5,3,3,1,0,6,12,0,5,0,8,4,1,0
05/14/2020,776,45,130,49,167,151,132,109,95,43,30,0,397,367,12,329,13,161,74,32,167,1,0,4,1,5,5,7,22,0,22,23,0,13,4,21,6,1,0,2,8,9,14,18,39,26,14,0,56,74,0,47,3,48,18,10,4
05/06/2020,974,43,139,55,190,161,213,169,95,53,38,0,474,468,32,469,13,146,89,40,217,0,0,1,3,5,11,9,14,0,14,29,0,13,5,13,12,0,0,2,2,10,22,24,32,26,21,0,63,76,0,46,1,50,25,15,2
06/18/2020,184,14,30,24,43,34,30,29,9,5,10,0,93,87,4,80,3,31,27,4,39,0,0,1,1,0,5,4,3,0,7,7,0,6,0,7,1,0,0,2,2,5,3,1,4,6,7,0,16,14,0,11,0,9,10,0,0
11/26/2020,265,22,107,22,49,36,39,32,36,31,19,1,134,130,1,49,6,82,40,25,63,0,0,0,1,1,2,9,9,0,11,11,0,9,1,8,4,0,0,2,5,11,15,17,16,26,15,0,59,48,0,36,1,44,14,6,6
10/14/2020,851,3,38,74,246,215,137,90,62,19,8,0,458,390,3,333,18,131,179,31,159,0,0,0,0,0,0,1,2,0,2,1,0,1,0,0,2,0,0,1,3,2,4,9,5,9,5,0,20,18,0,8,0,13,11,1,5
07/06/2020,283,5,30,23,80,66,41,35,21,11,6,0,149,129,5,86,11,69,49,7,61,0,0,0,0,1,2,0,2,0,4,1,0,1,0,2,2,0,0,1,3,3,5,6,3,5,4,0,17,13,0,4,1,15,7,0,3
11/13/2020,2688,20,128,332,648,536,403,344,242,123,60,0,1449,1228,11,924,61,402,492,127,682,0,0,0,0,4,2,6,8,0,8,12,0,7,0,5,7,1,0,1,10,14,7,20,33,27,16,0,50,78,0,44,2,45,26,3,8
06/10/2020,233,12,32,10,57,46,31,36,26,18,9,0,129,100,4,98,3,46,31,8,47,0,0,1,2,2,1,4,2,0,5,7,0,5,1,6,0,0,0,0,1,4,2,8,4,6,7,0,19,13,0,7,1,17,6,1,0
02/03/2021,578,7,53,84,147,100,75,64,65,27,16,0,298,279,1,182,16,116,132,20,112,0,0,0,1,0,2,2,2,0,2,5,0,3,0,3,1,0,0,0,5,5,6,8,13,10,6,0,25,28,0,21,1,22,4,1,4
10/17/2020,547,5,49,69,140,115,95,58,45,15,10,0,275,272,0,221,14,72,126,23,91,0,0,0,1,0,1,0,3,0,2,3,0,3,0,2,0,0,0,2,7,4,6,5,9,8,8,0,34,15,0,15,2,18,9,1,4
01/25/2021,861,11,80,103,200,175,129,105,97,32,20,0,459,395,7,273,22,149,161,44,212,0,0,1,1,0,2,2,5,0,1,10,0,5,0,1,4,1,0,2,4,10,4,17,17,13,13,0,43,37,0,14,2,35,19,6,4
04/04/2020,327,22,160,2,34,39,61,70,63,33,25,0,153,174,0,69,14,144,43,18,39,0,0,0,3,4,4,4,7,0,13,9,0,3,0,14,4,1,0,0,4,11,22,33,45,24,21,0,78,81,1,39,10,78,23,7,3
08/19/2020,483,5,20,56,150,90,57,71,39,13,7,0,256,226,1,204,4,82,107,24,62,0,0,0,1,0,2,1,1,0,3,2,0,2,0,1,2,0,0,0,2,2,1,6,2,6,1,0,11,9,0,4,0,11,4,0,1
06/12/2020,248,21,26,32,61,42,46,27,21,8,11,0,141,103,4,128,2,41,24,6,47,0,0,1,0,3,7,7,3,0,9,12,0,11,0,7,3,0,0,1,2,1,2,5,7,6,2,0,12,14,0,11,0,10,4,0,1
06/30/2020,265,3,30,25,92,59,39,24,15,5,6,0,135,129,1,107,3,53,50,3,49,0,0,0,0,0,1,2,0,0,2,1,0,1,0,1,1,0,0,2,4,3,3,4,7,2,5,0,16,14,0,12,1,10,5,0,2
12/01/2020,2181,35,141,270,510,426,338,272,199,107,59,0,1162,1011,8,740,62,327,357,88,607,0,0,0,4,5,11,9,6,0,20,15,0,13,1,14,5,0,2,7,7,11,14,21,32,28,21,0,73,68,0,50,1,53,25,5,7
08/09/2020,115,2,18,16,41,21,12,6,9,6,4,0,53,62,0,41,4,18,37,2,13,0,0,0,0,0,0,2,0,0,0,2,0,1,0,0,1,0,0,0,5,2,1,4,2,0,4,0,10,8,0,3,0,9,3,0,3
07/16/2020,296,2,28,27,87,67,43,31,22,10,9,0,156,139,1,93,3,80,58,11,51,0,0,0,0,0,0,1,1,0,0,2,0,0,1,0,1,0,0,0,8,2,5,4,3,4,2,0,14,14,0,8,1,13,4,1,1
04/06/2020,583,22,203,5,78,97,102,110,94,56,41,0,300,273,10,137,21,233,100,27,65,0,0,0,2,5,1,8,6,0,9,13,0,3,0,16,3,0,0,0,6,22,16,42,59,31,27,0,109,92,2,45,10,113,22,10,3
08/12/2020,431,2,32,51,117,93,72,53,29,9,7,0,225,203,3,176,1,80,91,20,63,0,0,0,0,0,1,0,1,0,1,1,0,1,0,1,0,0,0,1,2,2,5,6,9,4,3,0,13,19,0,14,0,11,5,1,1
12/18/2020,1298,19,92,168,291,252,204,166,119,58,39,1,666,620,12,422,56,222,231,72,295,0,0,0,0,3,2,5,9,0,9,10,0,11,0,4,4,0,0,2,3,12,9,8,27,17,14,0,45,47,0,20,8,36,20,4,4
05/30/2020,238,21,53,22,54,41,43,41,23,9,5,0,131,105,2,97,4,44,21,12,60,0,0,0,2,1,7,5,6,0,11,10,0,11,0,5,4,1,0,2,6,3,8,10,10,7,7,0,19,34,0,15,2,20,9,1,6
09/28/2020,420,2,35,56,101,76,69,53,40,14,11,0,216,200,4,180,2,52,80,11,95,0,0,0,1,0,1,0,0,0,0,2,0,1,0,1,0,0,0,0,5,2,3,5,7,6,7,0,17,18,0,7,1,16,7,2,2
12/21/2020,1471,26,99,175,300,273,273,191,114,85,60,0,734,727,10,439,55,226,289,75,387,0,0,0,1,2,5,8,10,0,14,12,0,9,1,10,6,0,0,1,4,9,13,20,14,17,21,0,45,53,1,21,4,40,20,5,9
03/22/2021,493,1,,54,142,105,78,71,27,12,4,0,242,250,1,108,20,103,143,26,93,0,0,0,0,0,0,0,1,0,0,1,0,1,0,0,0,0,0,,,,,,,,,,,,,,,,,,
12/29/2020,1720,19,73,219,392,358,257,222,153,71,48,0,925,790,5,635,47,243,325,90,380,0,0,0,1,1,5,6,6,0,7,12,0,5,1,8,5,0,0,3,3,7,9,9,20,11,11,0,40,33,0,20,3,27,17,3,3
08/26/2020,389,3,37,48,127,82,44,44,23,12,9,0,197,191,1,191,5,42,92,19,40,0,0,0,1,0,0,1,1,0,0,3,0,1,0,1,1,0,0,2,4,4,4,9,5,5,4,0,22,15,0,16,1,8,5,5,2
05/27/2020,611,26,65,70,124,100,116,82,65,32,22,0,316,285,10,304,8,105,50,21,123,0,0,2,1,1,7,7,8,0,10,16,0,10,1,10,5,0,0,0,4,6,11,13,12,11,8,0,30,35,0,24,1,20,16,2,2
05/08/2020,924,44,97,52,169,191,196,153,85,44,34,0,441,465,18,440,17,138,77,42,210,0,0,0,1,4,13,12,14,0,21,23,0,15,0,15,14,0,0,0,8,8,9,19,18,13,22,0,48,49,0,38,3,36,12,5,3
06/22/2020,219,9,30,23,60,34,38,27,19,15,3,0,113,105,1,101,3,44,28,5,38,0,1,0,0,2,3,1,2,0,5,4,0,7,0,1,1,0,0,1,4,5,4,5,4,4,3,0,14,16,0,15,0,12,3,0,0
11/22/2020,779,15,108,62,200,159,141,88,76,34,19,0,384,394,1,166,27,118,242,47,179,0,0,0,2,1,4,4,4,0,8,7,0,5,0,3,7,0,0,2,8,10,16,10,26,25,11,0,51,57,0,29,4,44,18,8,5
01/31/2021,162,16,44,13,33,31,32,22,17,8,6,0,73,89,0,36,11,33,40,11,31,0,0,0,0,3,6,4,3,0,7,9,0,11,0,4,1,0,0,0,7,4,9,8,7,3,6,0,21,22,1,10,0,19,6,5,4
01/02/2021,1114,21,66,128,275,209,192,148,85,51,26,0,588,523,3,409,28,135,260,64,218,0,1,0,1,1,3,6,9,0,4,17,0,7,3,5,6,0,0,0,7,6,7,9,16,12,9,0,30,36,0,17,2,23,15,6,3
03/14/2021,179,3,18,22,55,36,31,17,13,5,0,0,84,95,0,36,8,30,55,19,31,0,0,0,0,0,1,1,1,0,2,1,0,1,0,1,1,0,0,1,1,3,1,3,5,3,1,0,9,9,0,1,1,9,3,1,3
05/23/2020,328,30,90,31,63,58,54,54,36,18,14,0,176,151,1,124,8,70,34,14,78,0,1,1,1,2,4,9,12,0,16,14,0,9,0,10,11,0,0,3,8,7,14,11,22,9,16,0,37,53,0,33,3,36,8,3,7
08/20/2020,424,3,22,48,120,86,64,58,34,10,4,0,237,185,2,176,8,70,105,16,49,0,0,0,1,0,2,0,0,0,2,1,0,2,0,0,1,0,0,0,4,5,4,3,4,1,1,0,12,10,0,11,1,4,6,0,0
02/02/2021,645,6,52,68,155,124,105,87,62,25,19,0,312,330,3,183,23,128,166,23,122,0,0,0,0,0,3,1,2,0,3,3,0,1,0,3,2,0,0,2,7,3,7,11,7,7,8,0,31,21,0,15,1,23,10,1,2
01/20/2021,794,12,62,107,214,156,118,91,60,32,16,0,401,391,2,218,30,155,169,46,176,0,0,1,0,1,4,4,2,0,8,4,0,2,1,6,3,0,0,0,5,8,10,11,11,7,10,0,31,31,0,15,0,25,17,1,4
11/23/2020,2379,19,135,275,544,490,362,348,204,99,57,0,1261,1110,8,850,61,383,422,106,557,0,0,1,1,2,2,5,8,0,11,8,0,7,0,7,3,2,0,3,11,10,13,19,30,19,30,0,68,67,0,41,5,54,23,4,8
05/18/2020,944,33,111,67,235,152,189,149,83,46,23,0,494,439,11,431,10,150,72,37,244,0,0,2,2,2,5,10,12,0,13,20,0,10,1,13,9,0,0,1,14,11,15,20,13,20,17,0,51,60,0,40,0,45,15,4,7
01/28/2021,608,10,52,83,145,107,95,80,53,29,16,0,304,301,3,190,17,100,141,28,132,0,0,1,0,0,2,3,4,0,5,5,0,3,1,4,2,0,0,1,4,5,4,7,7,12,12,0,28,24,0,9,1,20,12,4,6
05/28/2020,521,22,68,41,111,89,98,69,62,27,24,0,258,255,8,212,7,114,58,14,116,0,0,0,1,5,1,4,11,0,11,11,0,10,0,7,5,0,0,4,2,10,7,9,15,7,14,0,33,35,0,29,2,23,10,1,3
03/25/2021,10,0,,3,3,0,2,1,1,0,0,0,6,4,0,3,0,1,5,1,0,0,0,0,0,0,0,0,0,0,0,0,0,0,0,0,0,0,0,,,,,,,,,,,,,,,,,,
09/06/2020,143,2,12,16,44,30,17,18,10,3,5,0,72,70,1,54,0,27,38,4,20,0,0,1,0,0,0,1,0,0,0,2,0,2,0,0,0,0,0,0,1,1,2,0,3,2,3,0,8,4,0,4,0,4,1,0,3
10/24/2020,885,5,66,109,223,197,140,106,59,38,13,0,469,416,0,324,20,116,213,40,172,0,0,0,0,0,0,2,3,0,2,3,0,0,0,2,3,0,0,2,8,9,6,7,10,17,7,0,33,33,0,20,2,28,10,3,3
01/14/2021,1054,14,67,137,221,233,174,127,91,47,24,0,545,503,6,361,53,151,207,50,232,0,0,0,1,2,3,2,6,0,2,12,0,4,4,3,3,0,0,0,3,8,9,8,11,19,9,0,37,30,0,16,2,26,14,5,4
06/01/2020,236,21,64,21,52,35,33,35,17,17,26,0,137,98,1,88,8,51,36,11,42,0,0,0,1,2,4,4,10,0,12,9,0,6,1,10,3,0,1,2,4,11,7,9,7,11,13,0,29,35,0,19,1,28,11,0,5
11/18/2020,2317,17,125,293,566,452,384,294,194,95,39,0,1179,1127,11,748,49,378,436,94,612,0,0,2,0,2,4,3,6,0,9,8,0,8,0,2,7,0,0,2,8,5,10,23,19,31,27,0,60,64,1,36,6,46,25,6,6
12/20/2020,584,29,73,62,141,118,94,70,46,31,21,1,304,279,1,155,32,100,178,24,95,0,0,0,3,3,9,9,5,0,8,21,0,11,1,10,7,0,0,3,9,5,6,14,12,14,10,0,43,30,0,16,2,32,12,4,7
11/21/2020,1266,18,105,160,295,248,194,161,115,61,32,0,642,623,1,382,46,177,280,72,309,0,0,0,0,3,4,4,7,0,8,10,0,6,2,6,3,0,1,3,11,13,16,9,17,18,18,0,46,59,0,30,3,36,24,6,6
04/24/2020,1073,53,167,30,177,171,185,190,158,73,89,0,499,533,41,416,29,222,148,58,200,0,1,2,0,6,11,15,18,0,19,34,0,14,2,21,16,0,0,3,4,22,16,34,41,25,22,0,77,89,1,66,3,59,27,11,1
03/02/2020,0,0,2,0,0,0,0,0,0,0,0,0,0,0,0,0,0,0,0,0,0,0,0,0,0,0,0,0,0,0,0,0,0,0,0,0,0,0,0,0,1,1,0,0,0,0,0,0,2,0,0,1,0,1,0,0,0
01/21/2021,820,9,74,97,189,161,123,117,77,37,18,1,416,400,4,281,25,157,155,47,155,0,0,1,1,0,2,2,3,0,5,4,0,2,0,5,2,0,0,3,5,7,5,11,17,21,5,0,38,36,0,20,2,33,12,2,5
02/20/2021,215,9,17,35,55,32,29,34,14,8,8,0,110,105,0,59,8,38,56,17,37,0,0,0,1,0,0,5,3,0,5,4,0,3,1,3,2,0,0,1,1,0,2,1,4,3,5,0,10,7,0,4,0,9,2,2,0
05/10/2020,308,38,100,17,60,52,64,43,41,14,17,0,138,169,1,122,7,65,37,14,63,0,0,1,3,2,11,8,13,0,14,24,0,16,1,14,6,1,0,2,7,7,18,9,31,15,11,0,37,62,1,43,4,33,12,6,2
07/13/2020,337,3,35,36,99,69,45,35,31,7,15,0,194,142,1,125,7,90,59,8,48,0,1,0,0,0,1,0,1,0,1,2,0,1,0,1,1,0,0,2,2,5,3,8,5,7,3,0,17,18,0,12,2,12,6,1,2
05/11/2020,1017,38,128,62,206,197,193,142,117,69,31,0,512,491,14,529,14,159,85,29,201,0,0,1,3,6,3,6,19,0,14,24,0,16,0,15,7,0,0,5,5,10,17,24,26,28,13,0,51,76,1,51,3,41,22,7,4
10/12/2020,681,4,44,69,179,119,123,91,59,31,10,0,321,355,5,204,23,90,169,44,151,0,0,0,1,1,0,2,0,0,2,2,0,3,0,1,0,0,0,0,5,3,7,9,7,9,4,0,19,25,0,11,2,15,10,0,6
06/15/2020,235,20,32,36,57,42,34,30,25,9,2,0,131,102,2,101,5,51,20,9,49,0,0,0,1,1,2,5,11,0,9,11,0,5,2,4,8,0,1,4,6,3,2,5,8,0,4,0,21,11,0,12,1,11,7,0,1
09/23/2020,391,6,32,49,118,89,59,38,27,6,5,0,189,194,8,154,6,45,95,22,69,0,0,0,1,0,1,2,2,0,2,4,0,0,0,4,2,0,0,1,4,8,4,7,4,2,2,0,22,9,1,13,0,7,9,2,1
01/04/2021,1886,9,96,231,481,384,306,227,138,72,47,0,988,884,14,646,54,276,375,108,427,0,0,0,0,1,2,2,4,0,4,5,0,4,1,0,4,0,0,2,7,5,8,18,18,15,23,0,46,49,1,27,3,37,19,3,7
09/12/2020,136,0,11,11,31,34,25,18,11,5,1,0,68,66,2,36,8,21,37,3,31,0,0,0,0,0,0,0,0,0,0,0,0,0,0,0,0,0,0,0,1,1,4,4,1,0,0,0,5,6,0,5,1,4,1,0,0
11/14/2020,1400,16,112,168,320,279,239,172,126,75,21,0,714,685,1,344,41,190,348,80,397,0,0,0,2,1,5,6,2,0,7,9,0,6,0,7,3,0,0,3,5,6,14,20,21,30,13,0,51,61,0,33,2,40,23,7,7
03/26/2020,413,2,135,2,65,74,78,96,53,36,9,0,181,230,2,78,12,197,91,13,22,0,0,0,0,0,0,1,1,0,0,2,0,0,1,1,0,0,0,0,7,11,24,25,29,28,11,0,58,77,0,27,1,82,20,4,1
12/14/2020,1463,21,121,159,332,301,212,202,127,81,49,0,768,687,8,388,47,252,249,69,458,0,0,0,0,2,3,10,6,0,13,8,0,11,2,6,2,0,0,7,9,12,12,19,21,21,20,0,59,62,0,37,1,45,26,4,8
03/08/2021,323,4,21,53,101,61,34,32,31,8,3,0,164,157,2,85,20,50,73,24,71,0,0,0,0,1,1,2,0,0,1,3,0,3,0,1,0,0,0,0,2,2,1,4,8,2,2,0,12,9,0,5,0,10,4,2,0
01/17/2021,398,15,61,40,75,77,62,68,31,27,18,0,198,200,0,83,12,77,108,26,92,0,0,0,0,0,1,7,7,0,5,10,0,5,1,6,3,0,0,2,7,5,6,10,10,11,10,0,31,30,0,12,3,22,17,4,3
08/04/2020,369,2,33,50,105,69,53,39,33,16,4,0,201,163,5,170,10,69,63,17,40,0,0,0,0,0,1,0,1,0,1,1,0,0,0,2,0,0,0,0,4,2,6,3,9,7,2,0,19,14,0,10,3,15,5,0,0
04/25/2020,633,38,118,32,121,120,132,106,67,31,24,0,307,323,3,265,14,107,78,23,146,0,0,2,1,6,6,11,12,0,14,24,0,12,2,19,5,0,0,0,6,12,12,26,28,19,15,0,52,66,0,46,3,40,18,11,0
06/29/2020,280,7,31,22,89,56,36,40,17,9,11,0,137,140,3,103,2,62,52,9,52,0,0,0,0,0,2,2,3,0,4,3,0,3,0,2,2,0,0,1,4,3,4,5,7,1,6,0,12,19,0,14,0,11,5,0,1
09/02/2020,407,3,22,42,128,81,67,46,25,12,6,0,225,181,1,158,9,62,92,14,72,0,0,0,0,1,1,0,1,0,1,2,0,1,0,1,1,0,0,0,2,4,4,3,4,1,4,0,10,12,0,10,0,6,6,0,0
07/28/2020,332,3,19,36,87,75,66,33,19,9,7,0,185,145,2,153,11,73,46,9,40,0,0,0,1,0,0,1,1,0,1,2,0,0,0,2,1,0,0,1,3,7,3,2,1,1,1,0,14,5,0,9,0,7,2,0,1
12/26/2020,961,19,84,94,236,182,154,141,90,41,23,0,509,449,3,344,25,136,207,61,188,0,0,0,1,0,3,9,6,0,8,11,0,5,0,6,8,0,0,2,10,6,8,13,19,16,10,0,42,42,0,26,1,34,12,8,3
11/27/2020,1249,21,140,131,257,220,206,178,137,75,45,0,654,591,4,342,38,212,244,66,347,0,0,0,0,2,4,7,8,0,9,12,0,6,1,11,3,0,0,3,6,8,18,19,33,32,21,0,62,78,0,40,4,57,29,1,9
11/12/2020,2922,18,117,329,741,570,496,381,255,111,39,0,1496,1420,6,973,54,399,587,146,763,0,0,0,0,2,6,3,7,0,11,7,0,3,1,6,7,0,1,4,7,7,12,19,33,22,13,0,68,49,0,25,2,43,26,9,12
04/07/2020,555,24,197,2,83,106,94,84,80,54,52,0,292,256,7,165,15,200,90,27,58,0,0,0,1,5,4,9,5,0,11,13,0,6,0,16,0,2,0,0,6,14,23,34,48,33,39,0,88,105,4,41,8,102,36,10,0
05/17/2020,326,41,97,17,53,58,37,65,44,22,30,0,156,167,3,142,6,72,30,14,62,0,0,1,1,3,14,9,13,0,16,25,0,18,2,13,7,1,0,0,3,5,11,22,26,17,13,0,45,52,0,37,3,28,16,4,9
10/18/2020,347,1,52,30,84,90,58,43,21,16,5,0,172,173,2,73,9,56,119,14,76,0,0,1,0,0,0,0,0,0,0,1,0,1,0,0,0,0,0,1,6,4,7,9,9,11,5,0,23,29,0,20,0,12,14,4,2
10/27/2020,1629,4,95,202,455,341,252,179,116,53,31,0,840,783,6,623,37,232,328,90,319,0,0,0,0,0,3,1,0,0,2,2,0,3,0,0,1,0,0,4,4,11,12,23,21,10,10,0,53,42,0,25,3,38,22,3,4
05/15/2020,970,48,109,80,186,201,166,136,101,64,36,0,537,424,9,448,10,157,85,36,234,0,0,2,1,7,14,12,12,0,15,33,0,18,0,13,15,2,0,0,14,10,17,13,17,19,19,0,60,49,0,37,2,45,20,1,4
08/31/2020,413,2,31,58,121,72,60,49,29,15,9,0,217,195,1,182,3,57,85,14,72,0,0,0,0,1,0,0,1,0,0,2,0,0,1,1,0,0,0,2,5,2,5,3,4,4,6,0,15,16,0,5,1,17,4,3,1
05/21/2020,802,34,110,75,176,137,120,122,78,51,43,0,415,369,18,370,24,135,54,28,191,0,0,1,0,3,13,11,6,0,14,20,0,17,1,6,10,0,0,1,9,12,16,17,23,21,11,0,54,56,0,43,8,41,8,6,4
04/15/2020,629,31,149,21,92,108,109,124,86,46,43,0,303,325,1,231,21,179,66,45,87,0,1,1,3,2,5,5,14,0,8,23,0,9,3,15,4,0,0,1,6,13,17,32,35,31,14,0,68,81,0,48,1,69,23,6,2
07/30/2020,340,3,18,49,78,79,49,49,25,7,4,0,174,165,1,155,11,74,57,6,37,0,0,0,1,0,0,1,1,0,2,1,0,2,0,1,0,0,0,2,1,2,2,3,2,4,2,0,11,7,0,7,1,6,3,1,0
05/24/2020,279,27,91,16,55,42,48,33,47,22,16,0,149,130,0,118,2,50,17,12,80,0,0,0,4,2,6,8,7,0,14,13,0,9,0,12,6,0,0,0,7,6,5,18,31,13,11,0,45,46,0,31,2,34,10,6,8
03/12/2021,344,7,12,49,90,80,51,45,18,6,5,0,194,150,0,83,13,63,98,21,66,0,0,0,1,2,1,1,2,0,3,4,0,2,0,4,1,0,0,0,3,0,2,2,2,2,1,0,8,4,0,4,0,5,2,1,0
08/18/2020,412,1,26,50,130,79,60,46,22,21,4,0,211,200,1,189,7,60,94,9,53,0,0,0,0,0,0,0,1,0,0,1,0,0,0,1,0,0,0,2,4,7,3,0,3,5,2,0,13,13,0,9,0,9,4,2,2
03/06/2021,216,2,32,29,56,48,24,22,22,8,7,0,106,110,0,77,10,39,40,18,32,0,0,0,0,1,0,1,0,0,0,2,0,0,1,0,1,0,0,0,2,5,4,4,6,5,6,0,13,19,0,6,1,12,7,3,3
06/26/2020,219,13,31,18,61,49,29,25,17,11,9,0,121,97,1,69,5,43,41,4,57,0,0,1,2,0,0,4,6,0,6,7,0,1,0,5,7,0,0,2,0,3,2,5,9,5,5,0,11,19,1,5,2,16,4,2,2
06/02/2020,245,25,52,14,33,44,45,31,34,18,26,0,116,108,21,83,11,50,17,10,74,0,0,1,0,3,3,4,14,0,12,13,0,15,2,5,3,0,0,1,4,5,4,10,11,12,5,0,25,27,0,21,2,16,10,1,2
03/05/2021,292,5,22,48,79,62,38,28,22,9,6,0,150,141,1,66,18,56,82,22,48,0,0,0,0,0,1,1,3,0,3,2,0,1,0,2,2,0,0,1,1,0,3,8,4,1,4,0,13,9,0,4,1,10,6,1,0
07/19/2020,99,2,23,14,27,23,9,13,6,6,1,0,52,46,1,26,2,32,24,3,12,0,0,0,1,0,1,0,0,0,1,1,0,1,0,1,0,0,0,3,2,2,5,5,2,2,2,0,12,11,0,2,0,16,4,0,1
01/23/2021,584,9,61,69,120,134,87,79,53,28,14,0,301,281,2,187,27,93,131,31,115,0,0,0,0,1,2,2,4,0,2,7,0,2,1,4,2,0,0,0,4,10,3,3,12,18,11,0,30,31,0,19,2,27,7,5,1
04/17/2020,776,43,149,16,129,126,143,144,119,49,50,0,384,379,13,284,23,203,116,45,105,0,0,1,2,5,7,13,15,0,14,29,0,11,2,19,11,0,0,3,6,12,19,33,31,26,19,0,67,82,0,50,7,57,18,11,6
04/16/2020,680,30,156,8,119,114,119,122,95,62,41,0,320,352,8,236,15,201,93,28,107,0,0,0,2,3,6,8,11,0,14,16,0,5,3,16,6,0,0,0,6,11,15,34,33,33,24,0,55,99,2,45,2,73,23,11,2
05/05/2020,1090,57,154,53,206,206,218,206,125,49,27,0,549,502,39,491,17,162,95,49,276,0,1,1,1,0,10,17,27,0,26,31,0,17,5,21,13,0,1,1,12,13,18,37,34,22,17,0,73,80,1,55,7,56,23,12,1
03/07/2021,174,3,12,16,44,39,32,24,11,5,3,0,85,88,1,44,14,27,55,12,22,0,0,0,0,0,1,0,2,0,2,1,0,0,0,1,2,0,0,1,0,2,1,2,0,3,3,0,6,6,0,8,1,1,1,1,0
03/18/2020,162,1,40,2,31,32,40,23,18,11,5,0,80,82,0,19,8,64,62,3,6,0,0,0,0,0,0,0,1,0,1,0,0,0,0,1,0,0,0,0,0,2,6,8,9,9,6,0,12,28,0,6,3,23,7,0,1
09/03/2020,339,3,24,36,101,60,51,49,23,13,6,0,180,158,1,138,5,56,86,5,49,0,0,0,0,1,0,0,2,0,1,2,0,3,0,0,0,0,0,0,4,4,2,4,5,3,2,0,13,11,0,9,0,8,4,2,1
01/29/2021,591,15,51,90,144,101,93,71,57,25,10,0,307,282,2,172,17,98,136,35,133,0,0,0,2,1,6,3,3,0,2,13,0,6,1,5,3,0,0,0,3,9,3,4,17,7,8,0,30,21,0,16,1,23,8,0,3
07/10/2020,346,6,30,35,121,74,51,24,18,18,5,0,169,175,2,102,6,99,65,12,62,0,0,0,0,2,1,2,1,0,1,5,0,3,0,2,1,0,0,0,3,3,0,5,3,12,4,0,14,16,0,6,0,18,6,0,0
03/14/2020,31,0,11,0,9,2,7,6,3,3,1,0,18,13,0,2,2,10,17,0,0,0,0,0,0,0,0,0,0,0,0,0,0,0,0,0,0,0,0,0,0,0,1,2,2,3,3,0,8,3,0,3,0,5,3,0,0
11/08/2020,1107,11,114,124,270,237,176,142,87,44,27,0,554,551,2,343,23,167,303,63,208,0,1,0,0,1,3,3,3,0,0,11,0,6,0,4,1,0,0,6,11,3,15,23,18,24,14,0,58,56,0,43,3,45,16,3,4
06/05/2020,339,17,42,33,76,70,51,51,30,18,10,0,172,166,1,177,4,51,29,12,66,0,0,0,0,3,1,9,4,0,10,7,0,5,0,7,5,0,0,0,6,5,5,8,5,10,3,0,20,22,0,17,0,14,5,2,4
03/06/2020,3,0,3,0,0,0,2,0,1,0,0,0,0,3,0,0,0,0,2,1,0,0,0,0,0,0,0,0,0,0,0,0,0,0,0,0,0,0,0,0,0,0,1,1,0,1,0,0,1,2,0,1,0,1,1,0,0
08/02/2020,95,3,21,11,21,29,10,5,12,6,1,0,45,49,1,26,2,28,23,6,10,0,0,0,2,0,0,1,0,0,0,3,0,1,0,1,1,0,0,0,3,9,2,3,2,1,1,0,10,11,0,6,0,8,4,2,1
03/27/2020,405,8,155,4,43,61,86,103,49,37,22,0,212,191,2,68,9,209,70,12,37,0,0,0,1,1,3,3,0,0,3,5,0,2,0,4,2,0,0,2,4,9,27,40,35,20,18,0,78,77,0,18,6,112,13,4,2
06/03/2020,280,21,54,23,61,47,41,44,32,18,14,0,153,126,1,110,3,67,26,18,56,0,2,0,0,0,1,9,9,0,10,11,0,9,0,8,4,0,0,1,7,5,3,4,17,9,8,0,24,30,0,13,0,29,9,0,3
05/16/2020,517,28,103,35,107,88,93,77,60,35,22,0,280,231,6,204,11,97,51,16,138,0,0,1,3,0,6,4,14,0,8,20,0,9,1,12,6,0,0,2,12,4,13,20,19,16,17,0,51,51,1,37,4,33,15,1,13
05/03/2020,467,45,139,10,97,78,76,81,68,30,27,0,211,247,9,197,8,115,41,23,83,0,0,0,2,4,13,13,13,0,20,25,0,20,0,16,9,0,0,2,10,17,17,27,22,23,21,0,61,78,0,58,1,43,20,13,4
09/07/2020,72,1,21,4,19,17,5,10,11,3,3,0,39,33,0,22,0,23,15,3,9,0,0,0,0,0,0,1,0,0,0,1,0,0,0,1,0,0,0,0,3,6,2,2,6,1,1,0,12,9,0,9,0,6,3,0,3
09/22/2020,352,2,33,43,109,70,52,36,20,12,10,0,176,172,4,152,8,47,81,9,55,0,0,0,0,1,0,0,1,0,2,0,0,1,0,1,0,0,0,0,4,4,4,6,8,5,2,0,15,18,0,15,0,10,7,1,0
06/11/2020,202,10,28,19,63,27,29,32,19,9,4,0,107,90,5,96,3,32,27,6,38,0,0,0,1,1,2,2,4,0,4,6,0,3,1,4,2,0,0,0,4,4,2,5,6,3,4,0,9,19,0,13,0,9,6,0,0
02/28/2021,148,3,18,16,33,34,22,18,19,4,2,0,68,79,1,25,11,28,43,5,36,0,0,0,0,0,1,1,1,0,0,3,0,1,0,2,0,0,0,0,1,3,0,0,10,0,4,0,11,7,0,3,1,7,4,0,3
08/13/2020,391,4,26,39,118,79,72,40,24,11,8,0,211,177,3,181,8,72,88,13,29,0,0,0,0,1,0,3,0,0,1,3,0,2,0,1,1,0,0,0,5,2,5,0,7,5,2,0,17,9,0,8,0,12,3,3,0
02/11/2021,441,9,45,64,101,83,59,63,44,19,8,0,215,224,2,128,19,68,119,21,86,0,0,0,2,2,3,0,2,0,2,7,0,5,0,2,2,0,0,3,5,4,4,7,13,6,3,0,25,20,0,14,2,16,7,0,6
06/16/2020,212,11,25,18,60,37,32,32,21,3,9,0,118,92,2,75,5,52,21,5,54,0,1,0,2,3,1,2,2,0,5,6,0,9,0,1,1,0,0,1,4,2,3,4,5,2,4,0,17,8,0,7,1,13,3,0,1
03/10/2020,11,0,8,1,2,3,2,0,0,2,1,0,8,3,0,0,1,1,7,2,0,0,0,0,0,0,0,0,0,0,0,0,0,0,0,0,0,0,0,0,1,0,0,0,4,2,1,0,4,4,0,0,0,5,1,2,0
03/25/2020,367,5,125,2,51,71,72,82,33,36,20,0,169,198,0,49,10,185,86,18,19,0,0,1,0,1,1,0,2,0,3,2,0,1,0,3,1,0,0,0,6,16,17,25,16,28,17,0,55,70,0,13,2,92,15,3,0
04/27/2020,1156,35,171,42,234,201,232,205,125,53,64,0,572,555,29,519,23,203,107,60,244,0,0,0,1,3,4,14,13,0,11,24,0,8,1,19,7,0,0,1,10,10,16,39,37,20,38,0,80,89,2,57,4,70,28,11,1
08/24/2020,556,3,27,91,135,109,97,66,31,18,7,2,290,259,7,292,10,59,117,18,60,0,0,0,0,0,0,2,1,0,0,3,0,1,0,1,1,0,0,3,3,5,2,4,4,2,4,0,9,18,0,8,1,10,6,2,0
07/26/2020,96,6,17,7,23,25,11,16,8,4,2,0,48,48,0,28,3,18,27,4,16,0,0,0,0,1,1,1,3,0,3,3,0,1,0,3,2,0,0,0,1,2,1,5,5,1,2,0,9,8,0,4,0,8,3,1,1
05/31/2020,121,22,39,16,28,20,22,12,13,5,5,0,59,61,1,45,1,40,7,0,28,0,0,0,3,2,5,6,6,0,8,14,0,8,0,8,6,0,0,3,4,3,5,6,13,3,2,0,16,23,0,12,1,23,1,0,2
03/05/2020,1,0,7,0,0,0,0,1,0,0,0,0,1,0,0,0,0,1,0,0,0,0,0,0,0,0,0,0,0,0,0,0,0,0,0,0,0,0,0,0,0,1,1,2,2,1,0,0,3,4,0,0,0,3,4,0,0
05/09/2020,521,53,100,34,104,100,98,90,54,28,13,0,264,254,3,244,10,91,38,17,121,0,1,0,4,6,6,11,25,0,24,29,0,26,3,15,8,1,0,1,9,11,12,19,18,19,11,0,53,46,1,43,1,31,16,5,4
08/15/2020,220,5,23,18,64,41,29,34,21,11,2,0,104,114,2,76,6,51,60,6,21,0,0,0,1,0,0,2,2,0,3,2,0,0,0,3,2,0,0,1,4,2,0,6,3,5,2,0,12,11,0,7,0,10,5,1,0
05/02/2020,718,50,167,25,142,126,154,142,74,40,15,0,343,371,4,356,9,109,54,21,169,0,0,1,1,8,14,11,15,0,21,29,0,11,3,24,11,1,0,2,9,8,29,35,32,33,19,0,67,100,0,59,3,63,27,11,4
04/11/2020,397,33,141,7,53,71,65,83,54,38,26,0,183,212,2,103,17,146,54,15,62,0,0,1,1,6,7,10,8,0,15,18,0,8,2,21,2,0,0,2,3,7,16,29,32,32,20,0,57,83,1,37,5,74,16,6,3
04/05/2020,292,26,147,3,31,50,49,73,42,20,24,0,127,162,3,71,11,109,54,11,36,0,0,0,2,5,2,10,7,0,8,18,0,5,0,18,3,0,0,0,3,11,24,36,25,25,23,0,57,89,1,31,10,80,17,6,3
09/11/2020,343,5,20,51,94,83,40,37,21,14,3,0,171,171,1,150,5,39,85,14,50,0,0,1,0,2,0,1,1,0,0,5,0,4,0,1,0,0,0,0,2,3,1,5,5,1,3,0,9,11,0,12,1,3,4,0,0
07/21/2020,289,1,36,25,83,57,55,29,23,8,9,0,142,147,0,91,3,88,53,18,36,0,0,0,0,0,1,0,0,0,1,0,0,1,0,0,0,0,0,0,6,6,6,2,7,4,5,0,17,19,0,7,1,17,8,1,2
07/05/2020,89,3,16,6,29,19,14,11,8,2,0,0,53,35,1,24,0,20,19,7,19,0,0,0,1,1,1,0,0,0,0,3,0,1,0,1,1,0,0,0,2,2,4,3,2,1,2,0,5,11,0,6,1,5,4,0,0
06/20/2020,125,10,20,18,32,18,21,19,5,9,3,0,65,60,0,69,1,16,18,4,17,0,0,1,0,2,2,1,4,0,3,7,0,8,0,1,1,0,0,3,3,3,1,3,3,1,3,0,11,9,0,11,0,6,2,1,0
06/17/2020,219,21,29,18,57,33,32,30,23,13,13,0,109,109,1,98,3,43,32,6,37,0,0,0,1,3,7,5,5,0,11,10,0,9,1,7,4,0,0,1,2,3,3,2,6,5,7,0,17,12,0,7,1,17,3,1,0
08/27/2020,385,2,28,40,133,75,59,32,24,12,9,1,210,173,2,182,6,60,81,19,37,0,0,0,0,0,2,0,0,0,0,2,0,0,0,1,1,0,0,0,4,3,7,2,4,5,3,0,20,8,0,10,0,7,6,3,2
05/22/2020,723,36,94,64,154,135,125,112,74,35,24,0,368,346,9,352,10,143,62,28,128,0,0,0,1,6,10,8,11,0,16,20,0,12,2,14,8,0,0,1,8,13,10,11,18,18,15,0,39,55,0,39,4,34,10,0,7
03/12/2020,21,0,8,0,6,5,2,4,3,1,0,0,6,15,0,2,0,2,15,0,2,0,0,0,0,0,0,0,0,0,0,0,0,0,0,0,0,0,0,0,0,1,0,1,4,2,0,0,4,4,0,0,1,4,3,0,0
03/15/2020,40,0,24,0,3,8,9,8,5,4,3,0,13,27,0,6,4,12,16,0,2,0,0,0,0,0,0,0,0,0,0,0,0,0,0,0,0,0,0,0,1,2,6,4,5,4,2,0,9,15,0,4,2,14,4,0,0
03/24/2020,350,2,122,1,59,67,58,56,61,34,14,0,158,191,1,63,13,156,84,9,25,0,0,0,0,0,2,0,0,0,0,2,0,1,0,1,0,0,0,1,3,11,14,29,28,22,14,0,50,72,0,23,0,74,18,5,2
07/29/2020,445,3,20,56,131,94,68,50,28,12,6,0,231,208,6,181,7,98,89,18,52,0,0,0,1,0,1,0,1,0,2,1,0,1,0,2,0,0,0,1,3,1,8,2,3,1,1,0,7,13,0,8,0,8,2,2,0
03/04/2020,0,0,4,0,0,0,0,0,0,0,0,0,0,0,0,0,0,0,0,0,0,0,0,0,0,0,0,0,0,0,0,0,0,0,0,0,0,0,0,0,0,0,0,2,0,2,0,0,1,3,0,0,0,3,1,0,0
09/14/2020,430,3,20,62,108,91,66,59,27,9,8,0,226,203,1,191,9,62,89,8,71,0,0,0,0,1,0,1,1,0,1,2,0,3,0,0,0,0,0,2,3,2,3,3,3,2,2,0,8,12,0,7,0,8,5,0,0
03/08/2020,3,0,9,0,0,1,1,0,0,1,0,0,1,2,0,1,0,0,2,0,0,0,0,0,0,0,0,0,0,0,0,0,0,0,0,0,0,0,0,0,0,1,0,2,1,3,2,0,3,6,0,2,0,5,2,0,0
07/04/2020,63,5,17,8,16,10,13,6,7,2,1,0,33,28,2,12,1,17,13,3,17,0,0,0,0,0,2,1,2,0,1,4,0,4,0,0,0,1,0,2,2,0,1,5,2,3,2,0,9,8,0,1,0,10,1,1,4
08/30/2020,101,4,22,12,24,16,18,14,8,4,5,0,50,51,0,27,1,22,32,5,14,0,0,0,0,0,0,3,1,0,3,1,0,1,0,3,0,0,0,2,2,1,2,4,4,2,5,0,9,13,0,6,0,9,5,0,2
08/05/2020,378,4,20,44,115,82,54,33,32,14,4,0,184,192,2,172,3,83,71,12,37,0,0,0,1,0,2,1,0,0,0,4,0,3,0,1,0,0,0,0,3,0,2,4,4,3,4,0,11,9,0,5,0,10,4,1,0
